server_time,category,event,zone_id,signal,trend,entry_type,breakout_id,parent_breakout_id,requested_price,fill_price,sl,tp,r0,position_ticket,counted_in_pnl,net_pnl,stacked_pullback,reversal_ordinal,gap_below,gap_above,nearest_gap,note
2026.07.29 23:59:59.426,QA,SESSION_SCHEDULE,,,TREND_NONE,Telemetry,,,0.00,0.00,0.00,0.00,0.00,0,false,0.00,false,0,N/A,N/A,N/A,mode=ALL_FLAT day=MONDAY day_index=1 session_index=0 raw_from=01:00:00 raw_to=00:00:00 from_sec=3600 to_sec=0
2026.07.29 23:59:59.426,QA,SESSION_SCHEDULE,,,TREND_NONE,Telemetry,,,0.00,0.00,0.00,0.00,0.00,0,false,0.00,false,0,N/A,N/A,N/A,mode=ALL_FLAT day=TUESDAY day_index=2 session_index=0 raw_from=01:00:00 raw_to=00:00:00 from_sec=3600 to_sec=0
2026.07.29 23:59:59.426,QA,SESSION_SCHEDULE,,,TREND_NONE,Telemetry,,,0.00,0.00,0.00,0.00,0.00,0,false,0.00,false,0,N/A,N/A,N/A,mode=ALL_FLAT day=WEDNESDAY day_index=3 session_index=0 raw_from=01:00:00 raw_to=00:00:00 from_sec=3600 to_sec=0
2026.07.29 23:59:59.426,QA,SESSION_SCHEDULE,,,TREND_NONE,Telemetry,,,0.00,0.00,0.00,0.00,0.00,0,false,0.00,false,0,N/A,N/A,N/A,mode=ALL_FLAT day=THURSDAY day_index=4 session_index=0 raw_from=01:00:00 raw_to=00:00:00 from_sec=3600 to_sec=0
2026.07.29 23:59:59.426,QA,SESSION_SCHEDULE,,,TREND_NONE,Telemetry,,,0.00,0.00,0.00,0.00,0.00,0,false,0.00,false,0,N/A,N/A,N/A,mode=ALL_FLAT day=FRIDAY day_index=5 session_index=0 raw_from=01:00:00 raw_to=23:55:00 from_sec=3600 to_sec=86100
2026.07.30 01:00:00.374,QA,SESSION_WINDOW_ACTIVE,,,TREND_NONE,Telemetry,,,0.00,0.00,0.00,0.00,0.00,0,false,0.00,false,0,N/A,N/A,N/A,mode=ALL_FLAT day=THURSDAY session_index=0 from=2026.07.30 01:00:00 to=2026.07.31 00:00:00
2026.07.30 01:00:24.782,PORTFOLIO_RISK,PORTFOLIO_RISK_PRECHECK,R10,R-S,TREND_UP,Market,,,4068.40,0.00,4074.40,0.00,6.00,0,false,0.00,false,0,2.00,16.00,2.00,mode=GROSS_DAILY pct=30.00 budget=3000.00 realized=0.00 open=0.00 pending=0.00 used=0.00 remaining=3000.00 new=6.00 allowed=true
2026.07.30 01:00:24.782,SIGNAL,REVERSAL_SIGNAL,R10,R-S,TREND_UP,Market,,,4068.40,0.00,4074.40,4040.00,6.00,0,false,0.00,false,1,2.00,16.00,2.00,reversal_ordinal=1/1 directional touch + trend valid; R0=6.00000 target=R7
2026.07.30 01:00:24.782,QA,MARGIN_PRECHECK,R10,R-S,TREND_UP,Telemetry,,,4068.40,0.00,0.00,0.00,0.00,0,false,0.00,false,0,2.00,16.00,2.00,lot=0.0100 required_new_margin=20.34 account_margin=0.00 free_margin=10000.00 margin_level=0.00
2026.07.30 01:00:24.782,PRIMARY_TRADE,ORDER_FILLED,R10,R-S,TREND_UP,Market,,,4068.40,4068.40,4074.40,4040.00,6.00,2,true,0.00,false,1,2.00,16.00,2.00,native fill; reversal_ordinal=1 R0=6.00000 target=R7
2026.07.30 01:00:24.782,QA,MARGIN_POST_FILL,R10,R-S,TREND_UP,Telemetry,,,0.00,0.00,0.00,0.00,0.00,2,false,0.00,false,0,2.00,16.00,2.00,lot=0.0100 account_margin=20.34 free_margin=9978.60 margin_level=49159.00
2026.07.30 01:00:24.782,PORTFOLIO_RISK,PORTFOLIO_RISK_POST_FILL,R10,R-S,TREND_UP,PostFill,,,0.00,0.00,0.00,0.00,0.00,0,false,0.00,false,0,2.00,16.00,2.00,mode=GROSS_DAILY pct=30.00 budget=3000.00 realized=0.00 open=6.00 pending=0.00 used=6.00 overflow=false
2026.07.30 01:03:56.088,PRIMARY_TRADE,POSITION_CLOSED,R10,R-S,TREND_UP,,,,0.00,4074.83,0.00,0.00,6.00,2,true,-6.43,false,1,2.00,16.00,2.00,position_net=-6.43 daily_net=-6.43 R0=6.00000 max_r_stage=0 stacked_pullback=false reversal_ordinal=1
2026.07.30 01:15:00.124,SIGNAL,BREAKOUT_SIGNAL,R8&R9,BO-B,TREND_UP,Close,BO#01,,4076.38,0.00,0.00,0.00,0.00,0,false,0.00,false,0,23.00,2.00,2.00,ZONE_ENGAGED + buffered close + trend snapshot
2026.07.30 01:15:00.124,MVP_FILTER,PULLBACK_CYCLE_BLOCKED_MVP_CONTEXT,R8&R9,PB-B,TREND_UP,Shadow,,BO#01,0.00,0.00,0.00,0.00,0.00,0,false,0.00,false,0,23.00,2.00,2.00,PB free_space 2.00000 < 12.00
2026.07.30 01:15:00.124,SIGNAL,BREAKOUT_SIGNAL,R10,BO-B,TREND_UP,Close,BO#02,,4076.38,0.00,0.00,0.00,0.00,0,false,0.00,false,0,2.00,16.00,2.00,ZONE_ENGAGED + buffered close + trend snapshot
2026.07.30 01:15:00.124,SIGNAL,PULLBACK_CYCLE_CREATED,R10,PB-B,TREND_UP,Stop,,BO#02,0.00,0.00,0.00,0.00,0.00,0,false,0.00,false,0,2.00,16.00,2.00,cycle created from independent valid breakout
2026.07.30 01:49:21.837,PORTFOLIO_RISK,PORTFOLIO_RISK_PRECHECK,R11,R-S,TREND_UP,Market,,,4085.01,0.00,4091.01,0.00,6.00,0,false,0.00,false,0,16.00,9.00,9.00,mode=GROSS_DAILY pct=30.00 budget=3000.00 realized=6.43 open=0.00 pending=0.00 used=6.43 remaining=2993.57 new=6.00 allowed=true
2026.07.30 01:49:21.837,SIGNAL,REVERSAL_SIGNAL,R11,R-S,TREND_UP,Market,,,4085.01,0.00,4091.01,4069.00,6.00,0,false,0.00,false,1,16.00,9.00,9.00,reversal_ordinal=1/1 directional touch + trend valid; R0=6.00000 target=R10
2026.07.30 01:49:21.837,QA,MARGIN_PRECHECK,R11,R-S,TREND_UP,Telemetry,,,4085.01,0.00,0.00,0.00,0.00,0,false,0.00,false,0,16.00,9.00,9.00,lot=0.0100 required_new_margin=20.43 account_margin=0.00 free_margin=9993.57 margin_level=0.00
2026.07.30 01:49:21.837,PRIMARY_TRADE,ORDER_FILLED,R11,R-S,TREND_UP,Market,,,4085.01,4085.01,4091.01,4069.00,6.00,4,true,0.00,false,1,16.00,9.00,9.00,native fill; reversal_ordinal=1 R0=6.00000 target=R10
2026.07.30 01:49:21.837,QA,MARGIN_POST_FILL,R11,R-S,TREND_UP,Telemetry,,,0.00,0.00,0.00,0.00,0.00,4,false,0.00,false,0,16.00,9.00,9.00,lot=0.0100 account_margin=20.43 free_margin=9972.92 margin_level=48915.08
2026.07.30 01:49:21.837,PORTFOLIO_RISK,PORTFOLIO_RISK_POST_FILL,R11,R-S,TREND_UP,PostFill,,,0.00,0.00,0.00,0.00,0.00,0,false,0.00,false,0,16.00,9.00,9.00,mode=GROSS_DAILY pct=30.00 budget=3000.00 realized=6.43 open=6.00 pending=0.00 used=12.43 overflow=false
2026.07.30 02:00:00.078,SIGNAL,BREAKOUT_SIGNAL,R11,BO-B,TREND_UP,Close,BO#03,,4089.09,0.00,0.00,0.00,0.00,0,false,0.00,false,0,16.00,9.00,9.00,ZONE_ENGAGED + buffered close + trend snapshot
2026.07.30 02:00:00.078,MVP_FILTER,PULLBACK_CYCLE_BLOCKED_MVP_CONTEXT,R11,PB-B,TREND_UP,Shadow,,BO#03,0.00,0.00,0.00,0.00,0.00,0,false,0.00,false,0,16.00,9.00,9.00,PB free_space 9.00000 < 12.00
2026.07.30 02:00:00.078,PRIMARY_TRADE,POSITION_CLOSED,R11,R-S,TREND_UP,,,,0.00,4089.28,0.00,0.00,6.00,4,true,-4.27,false,1,16.00,9.00,9.00,position_net=-4.27 daily_net=-10.70 R0=6.00000 max_r_stage=0 stacked_pullback=false reversal_ordinal=1
2026.07.30 02:07:31.660,MVP_FILTER,REVERSAL_BLOCKED_MVP_CONTEXT,R12,R-S,TREND_UP,Shadow,,,4096.02,0.00,0.00,0.00,0.00,0,false,0.00,false,0,9.00,15.00,9.00,Reversal free_space 9.00000 < 12.00
2026.07.30 03:43:33.587,PORTFOLIO_RISK,PORTFOLIO_RISK_PRECHECK,R8&R9,R-B,TREND_DOWN,Market,,,4066.16,0.00,4060.16,0.00,6.00,0,false,0.00,false,0,23.00,2.00,2.00,mode=GROSS_DAILY pct=30.00 budget=3000.00 realized=10.70 open=0.00 pending=0.00 used=10.70 remaining=2989.30 new=6.00 allowed=true
2026.07.30 03:43:33.587,SIGNAL,REVERSAL_SIGNAL,R8&R9,R-B,TREND_DOWN,Market,,,4066.16,0.00,4060.16,4085.00,6.00,0,false,0.00,false,1,23.00,2.00,2.00,reversal_ordinal=1/1 directional touch + trend valid; R0=6.00000 target=R11
2026.07.30 03:43:33.587,QA,MARGIN_PRECHECK,R8&R9,R-B,TREND_DOWN,Telemetry,,,4066.16,0.00,0.00,0.00,0.00,0,false,0.00,false,0,23.00,2.00,2.00,lot=0.0100 required_new_margin=20.33 account_margin=0.00 free_margin=9989.30 margin_level=0.00
2026.07.30 03:43:33.587,PRIMARY_TRADE,ORDER_FILLED,R8&R9,R-B,TREND_DOWN,Market,,,4066.16,4066.16,4060.16,4085.00,6.00,6,true,0.00,false,1,23.00,2.00,2.00,native fill; reversal_ordinal=1 R0=6.00000 target=R11
2026.07.30 03:43:33.587,QA,MARGIN_POST_FILL,R8&R9,R-B,TREND_DOWN,Telemetry,,,0.00,0.00,0.00,0.00,0.00,6,false,0.00,false,0,23.00,2.00,2.00,lot=0.0100 account_margin=20.33 free_margin=9968.75 margin_level=49134.68
2026.07.30 03:43:33.587,PORTFOLIO_RISK,PORTFOLIO_RISK_POST_FILL,R8&R9,R-B,TREND_DOWN,PostFill,,,0.00,0.00,0.00,0.00,0.00,0,false,0.00,false,0,23.00,2.00,2.00,mode=GROSS_DAILY pct=30.00 budget=3000.00 realized=10.70 open=6.00 pending=0.00 used=16.70 overflow=false
2026.07.30 03:45:00.043,SIGNAL,BREAKOUT_SIGNAL,R10,BO-S,TREND_DOWN,Close,BO#04,,4066.15,0.00,0.00,0.00,0.00,0,false,0.00,false,0,2.00,16.00,2.00,ZONE_ENGAGED + buffered close + trend snapshot
2026.07.30 03:45:00.043,MVP_FILTER,PULLBACK_CYCLE_BLOCKED_MVP_CONTEXT,R10,PB-S,TREND_DOWN,Shadow,,BO#04,0.00,0.00,0.00,0.00,0.00,0,false,0.00,false,0,2.00,16.00,2.00,PB free_space 2.00000 < 12.00
2026.07.30 04:04:06.746,PRIMARY_TRADE,POSITION_CLOSED,R8&R9,R-B,TREND_UP,,,,0.00,4085.04,0.00,0.00,6.00,6,true,18.88,false,1,23.00,2.00,2.00,position_net=18.88 daily_net=8.18 R0=6.00000 max_r_stage=3 stacked_pullback=false reversal_ordinal=1
2026.07.30 06:00:00.086,SIGNAL,BREAKOUT_SIGNAL,R10,BO-S,TREND_DOWN,Close,BO#05,,4063.04,0.00,0.00,0.00,0.00,0,false,0.00,false,0,2.00,16.00,2.00,ZONE_ENGAGED + buffered close + trend snapshot
2026.07.30 06:00:00.086,MVP_FILTER,PULLBACK_CYCLE_BLOCKED_MVP_CONTEXT,R10,PB-S,TREND_DOWN,Shadow,,BO#05,0.00,0.00,0.00,0.00,0.00,0,false,0.00,false,0,2.00,16.00,2.00,PB free_space 2.00000 < 12.00
2026.07.30 06:15:00.550,SIGNAL,BREAKOUT_SIGNAL,R10,BO-S,TREND_DOWN,Close,BO#06,,4062.92,0.00,0.00,0.00,0.00,0,false,0.00,false,0,2.00,16.00,2.00,ZONE_ENGAGED + buffered close + trend snapshot
2026.07.30 06:15:00.550,MVP_FILTER,PULLBACK_CYCLE_BLOCKED_MVP_CONTEXT,R10,PB-S,TREND_DOWN,Shadow,,BO#06,0.00,0.00,0.00,0.00,0.00,0,false,0.00,false,0,2.00,16.00,2.00,PB free_space 2.00000 < 12.00
2026.07.30 08:18:32.023,PORTFOLIO_RISK,PORTFOLIO_RISK_PRECHECK,R7,R-B,TREND_DOWN,Market,,,4040.20,0.00,4035.00,0.00,5.20,0,false,0.00,false,0,3.00,23.00,3.00,mode=GROSS_DAILY pct=30.00 budget=3000.00 realized=10.70 open=0.00 pending=0.00 used=10.70 remaining=2989.30 new=5.20 allowed=true
2026.07.30 08:18:32.023,SIGNAL,REVERSAL_SIGNAL,R7,R-B,TREND_DOWN,Market,,,4040.20,0.00,4035.00,4063.00,5.20,0,false,0.00,false,1,3.00,23.00,3.00,reversal_ordinal=1/1 directional touch + trend valid; R0=5.20000 target=R8&R9
2026.07.30 08:18:32.023,QA,MARGIN_PRECHECK,R7,R-B,TREND_DOWN,Telemetry,,,4040.20,0.00,0.00,0.00,0.00,0,false,0.00,false,0,3.00,23.00,3.00,lot=0.0100 required_new_margin=20.20 account_margin=0.00 free_margin=10008.18 margin_level=0.00
2026.07.30 08:18:32.023,PRIMARY_TRADE,ORDER_FILLED,R7,R-B,TREND_DOWN,Market,,,4040.20,4040.20,4035.00,4063.00,5.20,8,true,0.00,false,1,3.00,23.00,3.00,native fill; reversal_ordinal=1 R0=5.20000 target=R8&R9
2026.07.30 08:18:32.023,QA,MARGIN_POST_FILL,R7,R-B,TREND_DOWN,Telemetry,,,0.00,0.00,0.00,0.00,0.00,8,false,0.00,false,0,3.00,23.00,3.00,lot=0.0100 account_margin=20.20 free_margin=9987.76 margin_level=49544.36
2026.07.30 08:18:32.023,PORTFOLIO_RISK,PORTFOLIO_RISK_POST_FILL,R7,R-B,TREND_DOWN,PostFill,,,0.00,0.00,0.00,0.00,0.00,0,false,0.00,false,0,3.00,23.00,3.00,mode=GROSS_DAILY pct=30.00 budget=3000.00 realized=10.70 open=5.20 pending=0.00 used=15.90 overflow=false
2026.07.30 08:35:33.357,PRIMARY_TRADE,POSITION_CLOSED,R7,R-B,TREND_DOWN,,,,0.00,4042.72,0.00,0.00,5.20,8,true,2.52,false,1,3.00,23.00,3.00,position_net=2.52 daily_net=10.70 R0=5.20000 max_r_stage=3 stacked_pullback=false reversal_ordinal=1
2026.07.30 08:37:33.457,MVP_FILTER,REVERSAL_BLOCKED_MVP_CONTEXT,R6,R-B,TREND_DOWN,Shadow,,,4035.04,0.00,0.00,0.00,0.00,0,false,0.00,false,0,21.00,3.00,3.00,Reversal free_space 3.00000 < 12.00
2026.07.30 08:45:00.031,SIGNAL,BREAKOUT_SIGNAL,R7,BO-S,TREND_DOWN,Close,BO#07,,4033.41,0.00,0.00,0.00,0.00,0,false,0.00,false,0,3.00,23.00,3.00,ZONE_ENGAGED + buffered close + trend snapshot
2026.07.30 08:45:00.031,MVP_FILTER,PULLBACK_CYCLE_BLOCKED_MVP_CONTEXT,R7,PB-S,TREND_DOWN,Shadow,,BO#07,0.00,0.00,0.00,0.00,0.00,0,false,0.00,false,0,3.00,23.00,3.00,PB free_space 3.00000 < 12.00
2026.07.30 08:46:09.060,MVP_FILTER,REVERSAL_BLOCKED_MVP_CONTEXT,R6,R-B,TREND_DOWN,Shadow,,,4035.19,0.00,0.00,0.00,0.00,0,false,0.00,false,0,21.00,3.00,3.00,Reversal free_space 3.00000 < 12.00
2026.07.30 09:01:13.246,MVP_FILTER,REVERSAL_BLOCKED_MVP_CONTEXT,R6,R-B,TREND_DOWN,Shadow,,,4035.22,0.00,0.00,0.00,0.00,0,false,0.00,false,0,21.00,3.00,3.00,Reversal free_space 3.00000 < 12.00
2026.07.30 09:20:16.902,MVP_FILTER,REVERSAL_BLOCKED_MVP_CONTEXT,R6,R-B,TREND_DOWN,Shadow,,,4035.18,0.00,0.00,0.00,0.00,0,false,0.00,false,0,21.00,3.00,3.00,Reversal free_space 3.00000 < 12.00
2026.07.30 09:30:09.798,MVP_FILTER,REVERSAL_BLOCKED_MVP_CONTEXT,R6,R-B,TREND_DOWN,Shadow,,,4035.19,0.00,0.00,0.00,0.00,0,false,0.00,false,0,21.00,3.00,3.00,Reversal free_space 3.00000 < 12.00
2026.07.30 09:48:24.233,MVP_FILTER,REVERSAL_BLOCKED_MVP_CONTEXT,R6,R-B,TREND_DOWN,Shadow,,,4035.19,0.00,0.00,0.00,0.00,0,false,0.00,false,0,21.00,3.00,3.00,Reversal free_space 3.00000 < 12.00
2026.07.30 10:15:00.010,SIGNAL,BREAKOUT_SIGNAL,R7,BO-B,TREND_UP,Close,BO#08,,4046.72,0.00,0.00,0.00,0.00,0,false,0.00,false,0,3.00,23.00,3.00,ZONE_ENGAGED + buffered close + trend snapshot
2026.07.30 10:15:00.010,SIGNAL,PULLBACK_CYCLE_CREATED,R7,PB-B,TREND_UP,Stop,,BO#08,0.00,0.00,0.00,0.00,0.00,0,false,0.00,false,0,3.00,23.00,3.00,cycle created from independent valid breakout
2026.07.30 10:36:41.721,PORTFOLIO_RISK,PORTFOLIO_RISK_PRECHECK,R7,PB-B,TREND_UP,Stop,,BO#08,4040.00,0.00,4035.00,0.00,5.00,0,false,0.00,false,0,3.00,23.00,3.00,mode=GROSS_DAILY pct=30.00 budget=3000.00 realized=10.70 open=0.00 pending=0.00 used=10.70 remaining=2989.30 new=5.00 allowed=true
2026.07.30 10:36:41.721,QA,MARGIN_PRECHECK,R7,PB-B,TREND_UP,Telemetry,,BO#08,4040.00,0.00,0.00,0.00,0.00,0,false,0.00,false,0,3.00,23.00,3.00,lot=0.0100 required_new_margin=20.20 account_margin=0.00 free_margin=10010.70 margin_level=0.00
2026.07.30 10:36:41.721,SIGNAL,PENDING_PLACED,R7,PB-B,TREND_UP,Stop,,BO#08,4040.00,0.00,4035.00,4063.00,5.00,0,false,0.00,false,0,3.00,23.00,3.00,exact zone edge; native MT5 activation; R0=5.00000 target=R8&R9
2026.07.30 10:36:57.592,PRIMARY_TRADE,ORDER_FILLED,R7,PB-B,TREND_UP,Stop,,BO#08,4040.00,4040.13,4035.00,4063.00,5.00,10,true,0.00,false,0,3.00,23.00,3.00,native fill; R0=5.00000 target=R8&R9
2026.07.30 10:36:57.592,QA,MARGIN_POST_FILL,R7,PB-B,TREND_UP,Telemetry,,BO#08,0.00,0.00,0.00,0.00,0.00,10,false,0.00,false,0,3.00,23.00,3.00,lot=0.0100 account_margin=20.20 free_margin=9990.28 margin_level=49556.83
2026.07.30 10:36:57.592,PORTFOLIO_RISK,PORTFOLIO_RISK_POST_FILL,R7,PB-B,TREND_UP,PostFill,,BO#08,0.00,0.00,0.00,0.00,0.00,0,false,0.00,false,0,3.00,23.00,3.00,mode=GROSS_DAILY pct=30.00 budget=3000.00 realized=10.70 open=5.13 pending=0.00 used=15.83 overflow=false
2026.07.30 10:45:00.022,SIGNAL,BREAKOUT_SIGNAL,R7,BO-B,TREND_UP,Close,BO#09,,4045.89,0.00,0.00,0.00,0.00,0,false,0.00,false,0,3.00,23.00,3.00,ZONE_ENGAGED + buffered close + trend snapshot
2026.07.30 10:45:00.022,SIGNAL,PULLBACK_CYCLE_CREATED,R7,PB-B,TREND_UP,Stop,,BO#09,0.00,0.00,0.00,0.00,0.00,0,false,0.00,false,0,3.00,23.00,3.00,cycle created from independent valid breakout
2026.07.30 10:55:34.912,PRIMARY_TRADE,POSITION_CLOSED,R7,PB-B,TREND_UP,,,BO#08,0.00,4040.11,0.00,0.00,5.00,10,true,-0.02,false,0,3.00,23.00,3.00,position_net=-0.02 daily_net=10.68 R0=5.00000 max_r_stage=1 stacked_pullback=false reversal_ordinal=0
2026.07.30 10:55:55.018,PORTFOLIO_RISK,PORTFOLIO_RISK_PRECHECK,R7,PB-B,TREND_UP,Stop,,BO#09,4040.00,0.00,4035.00,0.00,5.00,0,false,0.00,false,0,3.00,23.00,3.00,mode=GROSS_DAILY pct=30.00 budget=3000.00 realized=10.72 open=0.00 pending=0.00 used=10.72 remaining=2989.28 new=5.00 allowed=true
2026.07.30 10:55:55.018,QA,MARGIN_PRECHECK,R7,PB-B,TREND_UP,Telemetry,,BO#09,4040.00,0.00,0.00,0.00,0.00,0,false,0.00,false,0,3.00,23.00,3.00,lot=0.0100 required_new_margin=20.20 account_margin=0.00 free_margin=10010.68 margin_level=0.00
2026.07.30 10:55:55.018,SIGNAL,PENDING_PLACED,R7,PB-B,TREND_UP,Stop,,BO#09,4040.00,0.00,4035.00,4063.00,5.00,0,false,0.00,false,0,3.00,23.00,3.00,exact zone edge; native MT5 activation; R0=5.00000 target=R8&R9
2026.07.30 10:55:55.476,PRIMARY_TRADE,ORDER_FILLED,R7,PB-B,TREND_UP,Stop,,BO#09,4040.00,4040.00,4035.00,4063.00,5.00,12,true,0.00,false,0,3.00,23.00,3.00,native fill; R0=5.00000 target=R8&R9
2026.07.30 10:55:55.476,QA,MARGIN_POST_FILL,R7,PB-B,TREND_UP,Telemetry,,BO#09,0.00,0.00,0.00,0.00,0.00,12,false,0.00,false,0,3.00,23.00,3.00,lot=0.0100 account_margin=20.20 free_margin=9990.26 margin_level=49556.73
2026.07.30 10:55:55.476,PORTFOLIO_RISK,PORTFOLIO_RISK_POST_FILL,R7,PB-B,TREND_UP,PostFill,,BO#09,0.00,0.00,0.00,0.00,0.00,0,false,0.00,false,0,3.00,23.00,3.00,mode=GROSS_DAILY pct=30.00 budget=3000.00 realized=10.72 open=5.00 pending=0.00 used=15.72 overflow=false
2026.07.30 11:15:00.004,SIGNAL,BREAKOUT_SIGNAL,R7,BO-B,TREND_UP,Close,BO#10,,4053.31,0.00,0.00,0.00,0.00,0,false,0.00,false,0,3.00,23.00,3.00,ZONE_ENGAGED + buffered close + trend snapshot
2026.07.30 11:15:00.004,MVP_FILTER,PULLBACK_CYCLE_BLOCKED_MVP_CONTEXT,R7,PB-B,TREND_UP,Shadow,,BO#10,0.00,0.00,0.00,0.00,0.00,0,false,0.00,false,0,3.00,23.00,3.00,Normal PB daily max reached: 2
2026.07.30 11:23:47.708,PRIMARY_TRADE,POSITION_CLOSED,R7,PB-B,TREND_UP,,,BO#09,0.00,4063.09,0.00,0.00,5.00,12,true,23.09,false,0,3.00,23.00,3.00,position_net=23.09 daily_net=33.77 R0=5.00000 max_r_stage=3 stacked_pullback=false reversal_ordinal=0
2026.07.30 13:15:00.127,SIGNAL,BREAKOUT_SIGNAL,R8&R9,BO-B,TREND_UP,Close,BO#11,,4068.39,0.00,0.00,0.00,0.00,0,false,0.00,false,0,23.00,2.00,2.00,ZONE_ENGAGED + buffered close + trend snapshot
2026.07.30 13:15:00.127,MVP_FILTER,PULLBACK_CYCLE_BLOCKED_MVP_CONTEXT,R8&R9,PB-B,TREND_UP,Shadow,,BO#11,0.00,0.00,0.00,0.00,0.00,0,false,0.00,false,0,23.00,2.00,2.00,PB free_space 2.00000 < 12.00
2026.07.30 13:30:00.317,SIGNAL,BREAKOUT_SIGNAL,R10,BO-B,TREND_UP,Close,BO#12,,4076.22,0.00,0.00,0.00,0.00,0,false,0.00,false,0,2.00,16.00,2.00,ZONE_ENGAGED + buffered close + trend snapshot
2026.07.30 13:30:00.317,SIGNAL,PULLBACK_CYCLE_CREATED,R10,PB-B,TREND_UP,Stop,,BO#12,0.00,0.00,0.00,0.00,0.00,0,false,0.00,false,0,2.00,16.00,2.00,cycle created from independent valid breakout
2026.07.30 16:38:24.059,MVP_FILTER,REVERSAL_BLOCKED_MVP_CONTEXT,R12,R-S,TREND_UP,Shadow,,,4096.04,0.00,0.00,0.00,0.00,0,false,0.00,false,0,9.00,15.00,9.00,Reversal free_space 9.00000 < 12.00
2026.07.30 16:45:00.042,SIGNAL,BREAKOUT_SIGNAL,R11,BO-B,TREND_UP,Close,BO#13,,4089.34,0.00,0.00,0.00,0.00,0,false,0.00,false,0,16.00,9.00,9.00,ZONE_ENGAGED + buffered close + trend snapshot
2026.07.30 16:45:00.042,MVP_FILTER,PULLBACK_CYCLE_BLOCKED_MVP_CONTEXT,R11,PB-B,TREND_UP,Shadow,,BO#13,0.00,0.00,0.00,0.00,0.00,0,false,0.00,false,0,16.00,9.00,9.00,PB free_space 9.00000 < 12.00
2026.07.30 16:47:32.351,MVP_FILTER,REVERSAL_BLOCKED_MVP_CONTEXT,R12,R-S,TREND_UP,Shadow,,,4096.13,0.00,0.00,0.00,0.00,0,false,0.00,false,0,9.00,15.00,9.00,Reversal free_space 9.00000 < 12.00
2026.07.30 17:00:00.007,SIGNAL,BREAKOUT_SIGNAL,R12,BO-B,TREND_UP,Close,BO#14,,4112.15,0.00,0.00,0.00,0.00,0,false,0.00,false,0,9.00,15.00,9.00,ZONE_ENGAGED + buffered close + trend snapshot
2026.07.30 17:00:00.007,SIGNAL,PULLBACK_CYCLE_CREATED,R12,PB-B,TREND_UP,Stop,,BO#14,0.00,0.00,0.00,0.00,0.00,0,false,0.00,false,0,9.00,15.00,9.00,cycle created from independent valid breakout
2026.07.30 17:00:25.371,PORTFOLIO_RISK,PORTFOLIO_RISK_PRECHECK,R13&R14,R-S,TREND_UP,Market,,,4114.07,0.00,4123.07,0.00,9.00,0,false,0.00,false,0,15.00,11.00,11.00,mode=GROSS_DAILY pct=30.00 budget=3000.00 realized=10.72 open=0.00 pending=0.00 used=10.72 remaining=2989.28 new=9.00 allowed=true
2026.07.30 17:00:25.371,SIGNAL,REVERSAL_SIGNAL,R13&R14,R-S,TREND_UP,Market,,,4114.07,0.00,4123.07,4099.00,9.00,0,false,0.00,false,1,15.00,11.00,11.00,TEST HIGH reversal_ordinal=1/2 SLx=1.50 R_base=6.00000 R0=9.00000 target=R12
2026.07.30 17:00:25.371,QA,MARGIN_PRECHECK,R13&R14,R-S,TREND_UP,Telemetry,,,4114.07,0.00,0.00,0.00,0.00,0,false,0.00,false,0,15.00,11.00,11.00,lot=0.0100 required_new_margin=20.57 account_margin=0.00 free_margin=10033.77 margin_level=0.00
2026.07.30 17:00:25.371,PRIMARY_TRADE,ORDER_FILLED,R13&R14,R-S,TREND_UP,Market,,,4114.07,4114.07,4123.07,4099.00,9.00,14,true,0.00,false,1,15.00,11.00,11.00,native fill; reversal_ordinal=1 R0=9.00000 target=R12
2026.07.30 17:00:25.371,QA,MARGIN_POST_FILL,R13&R14,R-S,TREND_UP,Telemetry,,,0.00,0.00,0.00,0.00,0.00,14,false,0.00,false,0,15.00,11.00,11.00,lot=0.0100 account_margin=20.57 free_margin=10012.98 margin_level=48777.59
2026.07.30 17:00:25.371,PORTFOLIO_RISK,PORTFOLIO_RISK_POST_FILL,R13&R14,R-S,TREND_UP,PostFill,,,0.00,0.00,0.00,0.00,0.00,0,false,0.00,false,0,15.00,11.00,11.00,mode=GROSS_DAILY pct=30.00 budget=3000.00 realized=10.72 open=9.00 pending=0.00 used=19.72 overflow=false
2026.07.30 17:07:27.737,PRIMARY_TRADE,POSITION_CLOSED,R13&R14,R-S,TREND_UP,,,,0.00,4099.00,0.00,0.00,9.00,14,true,15.07,false,1,15.00,11.00,11.00,position_net=15.07 daily_net=48.84 R0=9.00000 max_r_stage=2 stacked_pullback=false reversal_ordinal=1
2026.07.30 17:07:27.746,PORTFOLIO_RISK,PORTFOLIO_RISK_PRECHECK,R12,PB-B,TREND_UP,Stop,,BO#14,4099.00,0.00,4093.00,0.00,6.00,0,false,0.00,false,0,9.00,15.00,9.00,mode=GROSS_DAILY pct=30.00 budget=3000.00 realized=10.72 open=0.00 pending=0.00 used=10.72 remaining=2989.28 new=6.00 allowed=true
2026.07.30 17:07:27.746,QA,MARGIN_PRECHECK,R12,PB-B,TREND_UP,Telemetry,,BO#14,4099.00,0.00,0.00,0.00,0.00,0,false,0.00,false,0,9.00,15.00,9.00,lot=0.0100 required_new_margin=20.50 account_margin=0.00 free_margin=10048.84 margin_level=0.00
2026.07.30 17:07:27.746,SIGNAL,PENDING_PLACED,R12,PB-B,TREND_UP,Stop,,BO#14,4099.00,0.00,4093.00,4114.00,6.00,0,false,0.00,false,0,9.00,15.00,9.00,exact zone edge; native MT5 activation; R0=6.00000 target=R13&R14
2026.07.30 17:07:27.941,PRIMARY_TRADE,ORDER_FILLED,R12,PB-B,TREND_UP,Stop,,BO#14,4099.00,4099.00,4093.00,4114.00,6.00,16,true,0.00,false,0,9.00,15.00,9.00,native fill; R0=6.00000 target=R13&R14
2026.07.30 17:07:27.941,QA,MARGIN_POST_FILL,R12,PB-B,TREND_UP,Telemetry,,BO#14,0.00,0.00,0.00,0.00,0.00,16,false,0.00,false,0,9.00,15.00,9.00,lot=0.0100 account_margin=20.50 free_margin=10028.12 margin_level=49017.66
2026.07.30 17:07:27.941,PORTFOLIO_RISK,PORTFOLIO_RISK_POST_FILL,R12,PB-B,TREND_UP,PostFill,,BO#14,0.00,0.00,0.00,0.00,0.00,0,false,0.00,false,0,9.00,15.00,9.00,mode=GROSS_DAILY pct=30.00 budget=3000.00 realized=10.72 open=6.00 pending=0.00 used=16.72 overflow=false
2026.07.30 17:07:56.460,MVP_FILTER,REVERSAL_BLOCKED_MVP_CONTEXT,R12,R-S,TREND_UP,Shadow,,,4096.00,0.00,0.00,0.00,0.00,0,false,0.00,false,0,9.00,15.00,9.00,Reversal free_space 9.00000 < 12.00
2026.07.30 17:18:02.235,MVP_FILTER,REVERSAL_BLOCKED_MVP_CONTEXT,R12,R-S,TREND_UP,Shadow,,,4096.08,0.00,0.00,0.00,0.00,0,false,0.00,false,0,9.00,15.00,9.00,Reversal free_space 9.00000 < 12.00
2026.07.30 17:18:25.657,PRIMARY_TRADE,POSITION_CLOSED,R12,PB-B,TREND_UP,,,BO#14,0.00,4092.97,0.00,0.00,6.00,16,true,-6.03,false,0,9.00,15.00,9.00,position_net=-6.03 daily_net=42.81 R0=6.00000 max_r_stage=0 stacked_pullback=false reversal_ordinal=0
2026.07.30 17:30:01.095,MVP_FILTER,REVERSAL_BLOCKED_MVP_CONTEXT,R12,R-S,TREND_UP,Shadow,,,4096.11,0.00,0.00,0.00,0.00,0,false,0.00,false,0,9.00,15.00,9.00,Reversal free_space 9.00000 < 12.00
2026.07.30 17:45:00.332,SIGNAL,BREAKOUT_SIGNAL,R12,BO-B,TREND_UP,Close,BO#15,,4110.69,0.00,0.00,0.00,0.00,0,false,0.00,false,0,9.00,15.00,9.00,ZONE_ENGAGED + buffered close + trend snapshot
2026.07.30 17:45:00.332,SIGNAL,PULLBACK_CYCLE_CREATED,R12,PB-B,TREND_UP,Stop,,BO#15,0.00,0.00,0.00,0.00,0.00,0,false,0.00,false,0,9.00,15.00,9.00,cycle created from independent valid breakout
2026.07.30 17:53:36.265,PORTFOLIO_RISK,PORTFOLIO_RISK_PRECHECK,R12,PB-B,TREND_UP,Stop,,BO#15,4099.00,0.00,4093.00,0.00,6.00,0,false,0.00,false,0,9.00,15.00,9.00,mode=GROSS_DAILY pct=30.00 budget=3000.00 realized=16.75 open=0.00 pending=0.00 used=16.75 remaining=2983.25 new=6.00 allowed=true
2026.07.30 17:53:36.265,QA,MARGIN_PRECHECK,R12,PB-B,TREND_UP,Telemetry,,BO#15,4099.00,0.00,0.00,0.00,0.00,0,false,0.00,false,0,9.00,15.00,9.00,lot=0.0100 required_new_margin=20.50 account_margin=0.00 free_margin=10042.81 margin_level=0.00
2026.07.30 17:53:36.265,SIGNAL,PENDING_PLACED,R12,PB-B,TREND_UP,Stop,,BO#15,4099.00,0.00,4093.00,4114.00,6.00,0,false,0.00,false,0,9.00,15.00,9.00,exact zone edge; native MT5 activation; R0=6.00000 target=R13&R14
2026.07.30 17:53:36.427,PRIMARY_TRADE,ORDER_FILLED,R12,PB-B,TREND_UP,Stop,,BO#15,4099.00,4099.00,4093.00,4114.00,6.00,18,true,0.00,false,0,9.00,15.00,9.00,native fill; R0=6.00000 target=R13&R14
2026.07.30 17:53:36.427,QA,MARGIN_POST_FILL,R12,PB-B,TREND_UP,Telemetry,,BO#15,0.00,0.00,0.00,0.00,0.00,18,false,0.00,false,0,9.00,15.00,9.00,lot=0.0100 account_margin=20.50 free_margin=10022.09 margin_level=48988.24
2026.07.30 17:53:36.427,PORTFOLIO_RISK,PORTFOLIO_RISK_POST_FILL,R12,PB-B,TREND_UP,PostFill,,BO#15,0.00,0.00,0.00,0.00,0.00,0,false,0.00,false,0,9.00,15.00,9.00,mode=GROSS_DAILY pct=30.00 budget=3000.00 realized=16.75 open=6.00 pending=0.00 used=22.75 overflow=false
2026.07.30 18:06:07.993,MVP_FILTER,REVERSAL_BLOCKED_MVP_CONTEXT,R12,R-S,TREND_UP,Shadow,,,4096.08,0.00,0.00,0.00,0.00,0,false,0.00,false,0,9.00,15.00,9.00,Reversal free_space 9.00000 < 12.00
2026.07.30 18:07:17.232,PRIMARY_TRADE,POSITION_CLOSED,R12,PB-B,TREND_UP,,,BO#15,0.00,4092.99,0.00,0.00,6.00,18,true,-6.01,false,0,9.00,15.00,9.00,position_net=-6.01 daily_net=36.80 R0=6.00000 max_r_stage=0 stacked_pullback=false reversal_ordinal=0
2026.07.30 18:15:00.006,SIGNAL,BREAKOUT_SIGNAL,R12,BO-S,TREND_DOWN,Close,BO#16,,4084.99,0.00,0.00,0.00,0.00,0,false,0.00,false,0,9.00,15.00,9.00,ZONE_ENGAGED + buffered close + trend snapshot
2026.07.30 18:15:00.006,MVP_FILTER,PULLBACK_CYCLE_BLOCKED_MVP_CONTEXT,R12,PB-S,TREND_DOWN,Shadow,,BO#16,0.00,0.00,0.00,0.00,0.00,0,false,0.00,false,0,9.00,15.00,9.00,PB free_space 9.00000 < 12.00
2026.07.30 18:34:08.155,PORTFOLIO_RISK,PORTFOLIO_RISK_PRECHECK,R12,R-B,TREND_DOWN,Market,,,4099.21,0.00,4090.21,0.00,9.00,0,false,0.00,false,0,9.00,15.00,9.00,mode=GROSS_DAILY pct=30.00 budget=3000.00 realized=22.76 open=0.00 pending=0.00 used=22.76 remaining=2977.24 new=9.00 allowed=true
2026.07.30 18:34:08.155,SIGNAL,REVERSAL_SIGNAL,R12,R-B,TREND_DOWN,Market,,,4099.21,0.00,4090.21,4114.00,9.00,0,false,0.00,false,1,9.00,15.00,9.00,TEST HIGH reversal_ordinal=1/2 SLx=1.50 R_base=6.00000 R0=9.00000 target=R13&R14
2026.07.30 18:34:08.155,QA,MARGIN_PRECHECK,R12,R-B,TREND_DOWN,Telemetry,,,4099.21,0.00,0.00,0.00,0.00,0,false,0.00,false,0,9.00,15.00,9.00,lot=0.0100 required_new_margin=20.50 account_margin=0.00 free_margin=10036.80 margin_level=0.00
2026.07.30 18:34:08.155,PRIMARY_TRADE,ORDER_FILLED,R12,R-B,TREND_DOWN,Market,,,4099.21,4099.21,4090.21,4114.00,9.00,20,true,0.00,false,1,9.00,15.00,9.00,native fill; reversal_ordinal=1 R0=9.00000 target=R13&R14
2026.07.30 18:34:08.155,QA,MARGIN_POST_FILL,R12,R-B,TREND_DOWN,Telemetry,,,0.00,0.00,0.00,0.00,0.00,20,false,0.00,false,0,9.00,15.00,9.00,lot=0.0100 account_margin=20.50 free_margin=10016.08 margin_level=48958.93
2026.07.30 18:34:08.155,PORTFOLIO_RISK,PORTFOLIO_RISK_POST_FILL,R12,R-B,TREND_DOWN,PostFill,,,0.00,0.00,0.00,0.00,0.00,0,false,0.00,false,0,9.00,15.00,9.00,mode=GROSS_DAILY pct=30.00 budget=3000.00 realized=22.76 open=9.00 pending=0.00 used=31.76 overflow=false
2026.07.30 19:04:04.702,PORTFOLIO_RISK,PORTFOLIO_RISK_PRECHECK,R13&R14,R-S,TREND_UP,Market,,,4114.21,0.00,4123.21,0.00,9.00,0,false,0.00,false,0,15.00,11.00,11.00,mode=GROSS_DAILY pct=30.00 budget=3000.00 realized=22.76 open=0.00 pending=0.00 used=22.76 remaining=2977.24 new=9.00 allowed=true
2026.07.30 19:04:04.702,SIGNAL,REVERSAL_SIGNAL,R13&R14,R-S,TREND_UP,Market,,,4114.21,0.00,4123.21,4099.00,9.00,0,false,0.00,false,2,15.00,11.00,11.00,TEST HIGH reversal_ordinal=2/2 SLx=1.50 R_base=6.00000 R0=9.00000 target=R12
2026.07.30 19:04:04.702,QA,MARGIN_PRECHECK,R13&R14,R-S,TREND_UP,Telemetry,,,4114.21,0.00,0.00,0.00,0.00,0,false,0.00,false,0,15.00,11.00,11.00,lot=0.0100 required_new_margin=20.57 account_margin=0.00 free_margin=10051.80 margin_level=0.00
2026.07.30 19:04:04.702,PRIMARY_TRADE,POSITION_CLOSED,R12,R-B,TREND_UP,,,,0.00,4114.21,0.00,0.00,9.00,20,true,15.00,false,1,9.00,15.00,9.00,position_net=15.00 daily_net=51.80 R0=9.00000 max_r_stage=2 stacked_pullback=false reversal_ordinal=1
2026.07.30 19:04:04.702,PRIMARY_TRADE,ORDER_FILLED,R13&R14,R-S,TREND_UP,Market,,,4114.21,4114.21,4123.21,4099.00,9.00,22,true,0.00,false,2,15.00,11.00,11.00,native fill; reversal_ordinal=2 R0=9.00000 target=R12
2026.07.30 19:04:04.702,QA,MARGIN_POST_FILL,R13&R14,R-S,TREND_UP,Telemetry,,,0.00,0.00,0.00,0.00,0.00,22,false,0.00,false,0,15.00,11.00,11.00,lot=0.0100 account_margin=20.57 free_margin=10031.02 margin_level=48865.29
2026.07.30 19:04:04.702,PORTFOLIO_RISK,PORTFOLIO_RISK_POST_FILL,R13&R14,R-S,TREND_UP,PostFill,,,0.00,0.00,0.00,0.00,0.00,0,false,0.00,false,0,15.00,11.00,11.00,mode=GROSS_DAILY pct=30.00 budget=3000.00 realized=22.76 open=9.00 pending=0.00 used=31.76 overflow=false
2026.07.30 20:29:27.813,PORTFOLIO_RISK,PORTFOLIO_RISK_PRECHECK,R12,R-B,TREND_DOWN,Market,,,4099.16,0.00,4090.16,0.00,9.00,0,false,0.00,false,0,9.00,15.00,9.00,mode=GROSS_DAILY pct=30.00 budget=3000.00 realized=22.76 open=0.00 pending=0.00 used=22.76 remaining=2977.24 new=9.00 allowed=true
2026.07.30 20:29:27.813,SIGNAL,REVERSAL_SIGNAL,R12,R-B,TREND_DOWN,Market,,,4099.16,0.00,4090.16,4114.00,9.00,0,false,0.00,false,2,9.00,15.00,9.00,TEST HIGH reversal_ordinal=2/2 SLx=1.50 R_base=6.00000 R0=9.00000 target=R13&R14
2026.07.30 20:29:27.813,QA,MARGIN_PRECHECK,R12,R-B,TREND_DOWN,Telemetry,,,4099.16,0.00,0.00,0.00,0.00,0,false,0.00,false,0,9.00,15.00,9.00,lot=0.0100 required_new_margin=20.50 account_margin=20.57 free_margin=10046.28 margin_level=48939.47
2026.07.30 20:29:27.813,PRIMARY_TRADE,ORDER_FILLED,R12,R-B,TREND_DOWN,Market,,,4099.16,4099.16,4090.16,4114.00,9.00,23,true,0.00,false,2,9.00,15.00,9.00,native fill; reversal_ordinal=2 R0=9.00000 target=R13&R14
2026.07.30 20:29:27.813,QA,MARGIN_POST_FILL,R12,R-B,TREND_DOWN,Telemetry,,,0.00,0.00,0.00,0.00,0.00,23,false,0.00,false,0,9.00,15.00,9.00,lot=0.0100 account_margin=0.00 free_margin=10066.63 margin_level=0.00
2026.07.30 20:29:27.813,PORTFOLIO_RISK,PORTFOLIO_RISK_POST_FILL,R12,R-B,TREND_DOWN,PostFill,,,0.00,0.00,0.00,0.00,0.00,0,false,0.00,false,0,9.00,15.00,9.00,mode=GROSS_DAILY pct=30.00 budget=3000.00 realized=22.76 open=9.00 pending=0.00 used=31.76 overflow=false
2026.07.30 20:29:28.316,PRIMARY_TRADE,POSITION_CLOSED,R13&R14,R-S,TREND_DOWN,,,,0.00,4098.97,0.00,0.00,9.00,22,true,15.24,false,2,15.00,11.00,11.00,position_net=15.24 daily_net=67.04 R0=9.00000 max_r_stage=2 stacked_pullback=false reversal_ordinal=2
2026.07.30 21:54:48.369,PRIMARY_TRADE,POSITION_CLOSED,R12,R-B,TREND_DOWN,,,,0.00,4099.16,0.00,0.00,9.00,23,true,0.00,false,2,9.00,15.00,9.00,position_net=0.00 daily_net=67.04 R0=9.00000 max_r_stage=1 stacked_pullback=false reversal_ordinal=2
2026.07.30 23:55:00.088,QA,SESSION_PRE_CLOSE_CUTOFF_ENTERED,,,TREND_DOWN,Telemetry,,,0.00,0.00,0.00,0.00,0.00,0,false,0.00,false,0,N/A,N/A,N/A,mode=ALL_FLAT broker_session_end=2026.07.31 00:00:00 cutoff=2026.07.30 23:55:00 minutes=5.00 window=2026.07.30 01:00:00->2026.07.31 00:00:00
2026.07.31 01:00:00.014,QA,SESSION_WINDOW_ACTIVE,,,TREND_DOWN,Telemetry,,,0.00,0.00,0.00,0.00,0.00,0,false,0.00,false,0,N/A,N/A,N/A,mode=ALL_FLAT day=FRIDAY session_index=0 from=2026.07.31 01:00:00 to=2026.07.31 23:55:00
2026.07.31 03:21:26.146,PORTFOLIO_RISK,PORTFOLIO_RISK_PRECHECK,R25,R-B,TREND_DOWN,Market,,,4099.22,0.00,4093.22,0.00,6.00,0,false,0.00,false,0,10.00,17.00,10.00,mode=GROSS_DAILY pct=30.00 budget=3000.00 realized=0.00 open=0.00 pending=0.00 used=0.00 remaining=3000.00 new=6.00 allowed=true
2026.07.31 03:21:26.146,SIGNAL,REVERSAL_SIGNAL,R25,R-B,TREND_DOWN,Market,,,4099.22,0.00,4093.22,4116.00,6.00,0,false,0.00,false,1,10.00,17.00,10.00,reversal_ordinal=1/1 directional touch + trend valid; R0=6.00000 target=R26
2026.07.31 03:21:26.146,QA,MARGIN_PRECHECK,R25,R-B,TREND_DOWN,Telemetry,,,4099.22,0.00,0.00,0.00,0.00,0,false,0.00,false,0,10.00,17.00,10.00,lot=0.0100 required_new_margin=20.50 account_margin=0.00 free_margin=10067.04 margin_level=0.00
2026.07.31 03:21:26.146,PRIMARY_TRADE,ORDER_FILLED,R25,R-B,TREND_DOWN,Market,,,4099.22,4099.22,4093.22,4116.00,6.00,26,true,0.00,false,1,10.00,17.00,10.00,native fill; reversal_ordinal=1 R0=6.00000 target=R26
2026.07.31 03:21:26.146,QA,MARGIN_POST_FILL,R25,R-B,TREND_DOWN,Telemetry,,,0.00,0.00,0.00,0.00,0.00,26,false,0.00,false,0,10.00,17.00,10.00,lot=0.0100 account_margin=20.50 free_margin=10046.32 margin_level=49106.44
2026.07.31 03:21:26.146,PORTFOLIO_RISK,PORTFOLIO_RISK_POST_FILL,R25,R-B,TREND_DOWN,PostFill,,,0.00,0.00,0.00,0.00,0.00,0,false,0.00,false,0,10.00,17.00,10.00,mode=GROSS_DAILY pct=30.00 budget=3000.00 realized=0.00 open=6.00 pending=0.00 used=6.00 overflow=false
2026.07.31 03:35:24.677,PRIMARY_TRADE,POSITION_CLOSED,R25,R-B,TREND_DOWN,,,,0.00,4093.21,0.00,0.00,6.00,26,true,-6.01,false,1,10.00,17.00,10.00,position_net=-6.01 daily_net=-6.01 R0=6.00000 max_r_stage=0 stacked_pullback=false reversal_ordinal=1
2026.07.31 03:45:00.064,SIGNAL,BREAKOUT_SIGNAL,R25,BO-S,TREND_DOWN,Close,BO#01,,4093.30,0.00,0.00,0.00,0.00,0,false,0.00,false,0,10.00,17.00,10.00,ZONE_ENGAGED + buffered close + trend snapshot
2026.07.31 03:45:00.064,MVP_FILTER,PULLBACK_CYCLE_BLOCKED_MVP_CONTEXT,R25,PB-S,TREND_DOWN,Shadow,,BO#01,0.00,0.00,0.00,0.00,0.00,0,false,0.00,false,0,10.00,17.00,10.00,PB free_space 10.00000 < 12.00
2026.07.31 04:15:00.041,SIGNAL,BREAKOUT_SIGNAL,R25,BO-S,TREND_DOWN,Close,BO#02,,4088.96,0.00,0.00,0.00,0.00,0,false,0.00,false,0,10.00,17.00,10.00,ZONE_ENGAGED + buffered close + trend snapshot
2026.07.31 04:15:00.041,MVP_FILTER,PULLBACK_CYCLE_BLOCKED_MVP_CONTEXT,R25,PB-S,TREND_DOWN,Shadow,,BO#02,0.00,0.00,0.00,0.00,0.00,0,false,0.00,false,0,10.00,17.00,10.00,PB free_space 10.00000 < 12.00
2026.07.31 04:37:20.382,MVP_FILTER,REVERSAL_BLOCKED_MVP_CONTEXT,R24,R-B,TREND_DOWN,Shadow,,,4086.22,0.00,0.00,0.00,0.00,0,false,0.00,false,0,16.00,10.00,10.00,Reversal free_space 10.00000 < 12.00
2026.07.31 04:45:11.522,MVP_FILTER,REVERSAL_BLOCKED_MVP_CONTEXT,R24,R-B,TREND_DOWN,Shadow,,,4086.17,0.00,0.00,0.00,0.00,0,false,0.00,false,0,16.00,10.00,10.00,Reversal free_space 10.00000 < 12.00
2026.07.31 05:00:10.979,MVP_FILTER,REVERSAL_BLOCKED_MVP_CONTEXT,R24,R-B,TREND_DOWN,Shadow,,,4086.18,0.00,0.00,0.00,0.00,0,false,0.00,false,0,16.00,10.00,10.00,Reversal free_space 10.00000 < 12.00
2026.07.31 05:30:00.031,SIGNAL,BREAKOUT_SIGNAL,R24,BO-S,TREND_DOWN,Close,BO#03,,4081.76,0.00,0.00,0.00,0.00,0,false,0.00,false,0,16.00,10.00,10.00,ZONE_ENGAGED + buffered close + trend snapshot
2026.07.31 05:30:00.031,SIGNAL,PULLBACK_CYCLE_CREATED,R24,PB-S,TREND_DOWN,Stop,,BO#03,0.00,0.00,0.00,0.00,0.00,0,false,0.00,false,0,16.00,10.00,10.00,cycle created from independent valid breakout
2026.07.31 09:16:51.040,PORTFOLIO_RISK,PORTFOLIO_RISK_PRECHECK,R24,R-S,TREND_UP,Market,,,4085.01,0.00,4094.01,0.00,9.00,0,false,0.00,false,0,16.00,10.00,10.00,mode=GROSS_DAILY pct=30.00 budget=3000.00 realized=6.01 open=0.00 pending=0.00 used=6.01 remaining=2993.99 new=9.00 allowed=true
2026.07.31 09:16:51.040,SIGNAL,REVERSAL_SIGNAL,R24,R-S,TREND_UP,Market,,,4085.01,0.00,4094.01,4069.00,9.00,0,false,0.00,false,1,16.00,10.00,10.00,TEST HIGH reversal_ordinal=1/2 SLx=1.50 R_base=6.00000 R0=9.00000 target=R23
2026.07.31 09:16:51.040,QA,MARGIN_PRECHECK,R24,R-S,TREND_UP,Telemetry,,,4085.01,0.00,0.00,0.00,0.00,0,false,0.00,false,0,16.00,10.00,10.00,lot=0.0100 required_new_margin=20.43 account_margin=0.00 free_margin=10061.03 margin_level=0.00
2026.07.31 09:16:51.040,PRIMARY_TRADE,ORDER_FILLED,R24,R-S,TREND_UP,Market,,,4085.01,4085.01,4094.01,4069.00,9.00,28,true,0.00,false,1,16.00,10.00,10.00,native fill; reversal_ordinal=1 R0=9.00000 target=R23
2026.07.31 09:16:51.040,QA,MARGIN_POST_FILL,R24,R-S,TREND_UP,Telemetry,,,0.00,0.00,0.00,0.00,0.00,28,false,0.00,false,0,16.00,10.00,10.00,lot=0.0100 account_margin=20.43 free_margin=10040.38 margin_level=49245.28
2026.07.31 09:16:51.040,PORTFOLIO_RISK,PORTFOLIO_RISK_POST_FILL,R24,R-S,TREND_UP,PostFill,,,0.00,0.00,0.00,0.00,0.00,0,false,0.00,false,0,16.00,10.00,10.00,mode=GROSS_DAILY pct=30.00 budget=3000.00 realized=6.01 open=9.00 pending=0.00 used=15.01 overflow=false
2026.07.31 10:36:35.283,PORTFOLIO_RISK,PORTFOLIO_RISK_PRECHECK,R23,R-B,TREND_DOWN,Market,,,4069.21,0.00,4066.00,0.00,3.21,0,false,0.00,false,0,2.00,16.00,2.00,mode=GROSS_DAILY pct=30.00 budget=3000.00 realized=6.01 open=0.00 pending=0.00 used=6.01 remaining=2993.99 new=3.21 allowed=true
2026.07.31 10:36:35.283,SIGNAL,REVERSAL_SIGNAL,R23,R-B,TREND_DOWN,Market,,,4069.21,0.00,4066.00,4085.00,3.21,0,false,0.00,false,1,2.00,16.00,2.00,reversal_ordinal=1/1 directional touch + trend valid; R0=3.21000 target=R24
2026.07.31 10:36:35.283,QA,MARGIN_PRECHECK,R23,R-B,TREND_DOWN,Telemetry,,,4069.21,0.00,0.00,0.00,0.00,0,false,0.00,false,0,2.00,16.00,2.00,lot=0.0100 required_new_margin=20.35 account_margin=20.43 free_margin=10056.40 margin_level=49323.69
2026.07.31 10:36:35.283,PRIMARY_TRADE,ORDER_FILLED,R23,R-B,TREND_DOWN,Market,,,4069.21,4069.21,4066.00,4085.00,3.21,29,true,0.00,false,1,2.00,16.00,2.00,native fill; reversal_ordinal=1 R0=3.21000 target=R24
2026.07.31 10:36:35.283,QA,MARGIN_POST_FILL,R23,R-B,TREND_DOWN,Telemetry,,,0.00,0.00,0.00,0.00,0.00,29,false,0.00,false,0,2.00,16.00,2.00,lot=0.0100 account_margin=0.00 free_margin=10076.61 margin_level=0.00
2026.07.31 10:36:35.283,PORTFOLIO_RISK,PORTFOLIO_RISK_POST_FILL,R23,R-B,TREND_DOWN,PostFill,,,0.00,0.00,0.00,0.00,0.00,0,false,0.00,false,0,2.00,16.00,2.00,mode=GROSS_DAILY pct=30.00 budget=3000.00 realized=6.01 open=3.21 pending=0.00 used=9.22 overflow=false
2026.07.31 10:36:41.600,PRIMARY_TRADE,POSITION_CLOSED,R24,R-S,TREND_DOWN,,,,0.00,4069.00,0.00,0.00,9.00,28,true,16.01,false,1,16.00,10.00,10.00,position_net=16.01 daily_net=10.00 R0=9.00000 max_r_stage=2 stacked_pullback=false reversal_ordinal=1
2026.07.31 10:50:22.004,PRIMARY_TRADE,POSITION_CLOSED,R23,R-B,TREND_DOWN,,,,0.00,4070.72,0.00,0.00,3.21,29,true,1.51,false,1,2.00,16.00,2.00,position_net=1.51 daily_net=11.51 R0=3.21000 max_r_stage=2 stacked_pullback=false reversal_ordinal=1
2026.07.31 11:01:06.142,PORTFOLIO_RISK,PORTFOLIO_RISK_PRECHECK,R21&R22,R-B,TREND_DOWN,Market,,,4066.17,0.00,4060.17,0.00,6.00,0,false,0.00,false,0,24.00,2.00,2.00,mode=GROSS_DAILY pct=30.00 budget=3000.00 realized=6.01 open=0.00 pending=0.00 used=6.01 remaining=2993.99 new=6.00 allowed=true
2026.07.31 11:01:06.142,SIGNAL,REVERSAL_SIGNAL,R21&R22,R-B,TREND_DOWN,Market,,,4066.17,0.00,4060.17,4085.00,6.00,0,false,0.00,false,1,24.00,2.00,2.00,reversal_ordinal=1/1 directional touch + trend valid; R0=6.00000 target=R24
2026.07.31 11:01:06.142,QA,MARGIN_PRECHECK,R21&R22,R-B,TREND_DOWN,Telemetry,,,4066.17,0.00,0.00,0.00,0.00,0,false,0.00,false,0,24.00,2.00,2.00,lot=0.0100 required_new_margin=20.33 account_margin=0.00 free_margin=10078.55 margin_level=0.00
2026.07.31 11:01:06.142,PRIMARY_TRADE,ORDER_FILLED,R21&R22,R-B,TREND_DOWN,Market,,,4066.17,4066.17,4060.17,4085.00,6.00,32,true,0.00,false,1,24.00,2.00,2.00,native fill; reversal_ordinal=1 R0=6.00000 target=R24
2026.07.31 11:01:06.142,QA,MARGIN_POST_FILL,R21&R22,R-B,TREND_DOWN,Telemetry,,,0.00,0.00,0.00,0.00,0.00,32,false,0.00,false,0,24.00,2.00,2.00,lot=0.0100 account_margin=20.33 free_margin=10058.00 margin_level=49573.68
2026.07.31 11:01:06.142,PORTFOLIO_RISK,PORTFOLIO_RISK_POST_FILL,R21&R22,R-B,TREND_DOWN,PostFill,,,0.00,0.00,0.00,0.00,0.00,0,false,0.00,false,0,24.00,2.00,2.00,mode=GROSS_DAILY pct=30.00 budget=3000.00 realized=6.01 open=6.00 pending=0.00 used=12.01 overflow=false
2026.07.31 11:24:47.117,PRIMARY_TRADE,POSITION_CLOSED,R21&R22,R-B,TREND_DOWN,,,,0.00,4060.15,0.00,0.00,6.00,32,true,-6.02,false,1,24.00,2.00,2.00,position_net=-6.02 daily_net=5.49 R0=6.00000 max_r_stage=0 stacked_pullback=false reversal_ordinal=1
2026.07.31 11:30:00.005,SIGNAL,BREAKOUT_SIGNAL,R21&R22,BO-S,TREND_DOWN,Close,BO#04,,4058.56,0.00,0.00,0.00,0.00,0,false,0.00,false,0,24.00,2.00,2.00,ZONE_ENGAGED + buffered close + trend snapshot
2026.07.31 11:30:00.005,SIGNAL,PULLBACK_CYCLE_CREATED,R21&R22,PB-S,TREND_DOWN,Stop,,BO#04,0.00,0.00,0.00,0.00,0.00,0,false,0.00,false,0,24.00,2.00,2.00,cycle created from independent valid breakout
2026.07.31 11:57:32.032,PORTFOLIO_RISK,PORTFOLIO_RISK_PRECHECK,R21&R22,PB-S,TREND_DOWN,Stop,,BO#04,4063.00,0.00,4068.00,0.00,5.00,0,false,0.00,false,0,24.00,2.00,2.00,mode=GROSS_DAILY pct=30.00 budget=3000.00 realized=12.03 open=0.00 pending=0.00 used=12.03 remaining=2987.97 new=5.00 allowed=true
2026.07.31 11:57:32.032,QA,MARGIN_PRECHECK,R21&R22,PB-S,TREND_DOWN,Telemetry,,BO#04,4063.00,0.00,0.00,0.00,0.00,0,false,0.00,false,0,24.00,2.00,2.00,lot=0.0100 required_new_margin=20.32 account_margin=0.00 free_margin=10072.53 margin_level=0.00
2026.07.31 11:57:32.032,SIGNAL,PENDING_PLACED,R21&R22,PB-S,TREND_DOWN,Stop,,BO#04,4063.00,0.00,4068.00,4039.00,5.00,0,false,0.00,false,0,24.00,2.00,2.00,exact zone edge; native MT5 activation; R0=5.00000 target=R20
2026.07.31 11:57:33.337,PRIMARY_TRADE,ORDER_FILLED,R21&R22,PB-S,TREND_DOWN,Stop,,BO#04,4063.00,4062.98,4068.00,4039.00,5.00,34,true,0.00,false,0,24.00,2.00,2.00,native fill; R0=5.00000 target=R20
2026.07.31 11:57:33.337,QA,MARGIN_POST_FILL,R21&R22,PB-S,TREND_DOWN,Telemetry,,BO#04,0.00,0.00,0.00,0.00,0.00,34,false,0.00,false,0,24.00,2.00,2.00,lot=0.0100 account_margin=20.31 free_margin=10052.00 margin_level=49592.86
2026.07.31 11:57:33.337,PORTFOLIO_RISK,PORTFOLIO_RISK_POST_FILL,R21&R22,PB-S,TREND_DOWN,PostFill,,BO#04,0.00,0.00,0.00,0.00,0.00,0,false,0.00,false,0,24.00,2.00,2.00,mode=GROSS_DAILY pct=30.00 budget=3000.00 realized=12.03 open=5.02 pending=0.00 used=17.05 overflow=false
2026.07.31 14:11:26.334,PRIMARY_TRADE,POSITION_CLOSED,R21&R22,PB-S,TREND_UP,,,BO#04,0.00,4058.38,0.00,0.00,5.00,34,true,4.60,false,0,24.00,2.00,2.00,position_net=4.60 daily_net=10.09 R0=5.00000 max_r_stage=3 stacked_pullback=false reversal_ordinal=0
2026.07.31 16:00:11.440,PORTFOLIO_RISK,PORTFOLIO_RISK_PRECHECK,R20,R-B,TREND_DOWN,Market,,,4039.18,0.00,4035.00,0.00,4.18,0,false,0.00,false,0,3.00,24.00,3.00,mode=GROSS_DAILY pct=30.00 budget=3000.00 realized=12.03 open=0.00 pending=0.00 used=12.03 remaining=2987.97 new=4.18 allowed=true
2026.07.31 16:00:11.440,SIGNAL,REVERSAL_SIGNAL,R20,R-B,TREND_DOWN,Market,,,4039.18,0.00,4035.00,4063.00,4.18,0,false,0.00,false,1,3.00,24.00,3.00,reversal_ordinal=1/1 directional touch + trend valid; R0=4.18000 target=R21&R22
2026.07.31 16:00:11.440,QA,MARGIN_PRECHECK,R20,R-B,TREND_DOWN,Telemetry,,,4039.18,0.00,0.00,0.00,0.00,0,false,0.00,false,0,3.00,24.00,3.00,lot=0.0100 required_new_margin=20.20 account_margin=0.00 free_margin=10077.13 margin_level=0.00
2026.07.31 16:00:11.440,PRIMARY_TRADE,ORDER_FILLED,R20,R-B,TREND_DOWN,Market,,,4039.18,4039.18,4035.00,4063.00,4.18,36,true,0.00,false,1,3.00,24.00,3.00,native fill; reversal_ordinal=1 R0=4.18000 target=R21&R22
2026.07.31 16:00:11.440,QA,MARGIN_POST_FILL,R20,R-B,TREND_DOWN,Telemetry,,,0.00,0.00,0.00,0.00,0.00,36,false,0.00,false,0,3.00,24.00,3.00,lot=0.0100 account_margin=20.20 free_margin=10056.71 margin_level=49885.69
2026.07.31 16:00:11.440,PORTFOLIO_RISK,PORTFOLIO_RISK_POST_FILL,R20,R-B,TREND_DOWN,PostFill,,,0.00,0.00,0.00,0.00,0.00,0,false,0.00,false,0,3.00,24.00,3.00,mode=GROSS_DAILY pct=30.00 budget=3000.00 realized=12.03 open=4.18 pending=0.00 used=16.21 overflow=false
2026.07.31 16:11:44.638,PORTFOLIO_RISK,PORTFOLIO_RISK_PRECHECK,R19,R-B,TREND_DOWN,Market,,,4035.04,0.00,4029.04,0.00,6.00,0,false,0.00,false,0,22.00,3.00,3.00,mode=GROSS_DAILY pct=30.00 budget=3000.00 realized=12.03 open=0.00 pending=0.00 used=12.03 remaining=2987.97 new=6.00 allowed=true
2026.07.31 16:11:44.638,SIGNAL,REVERSAL_SIGNAL,R19,R-B,TREND_DOWN,Market,,,4035.04,0.00,4029.04,4063.00,6.00,0,false,0.00,false,1,22.00,3.00,3.00,reversal_ordinal=1/1 directional touch + trend valid; R0=6.00000 target=R21&R22
2026.07.31 16:11:44.638,QA,MARGIN_PRECHECK,R19,R-B,TREND_DOWN,Telemetry,,,4035.04,0.00,0.00,0.00,0.00,0,false,0.00,false,0,22.00,3.00,3.00,lot=0.0100 required_new_margin=20.18 account_margin=0.00 free_margin=10072.77 margin_level=0.00
2026.07.31 16:11:44.638,PRIMARY_TRADE,POSITION_CLOSED,R20,R-B,TREND_DOWN,,,,0.00,4034.82,0.00,0.00,4.18,36,true,-4.36,false,1,3.00,24.00,3.00,position_net=-4.36 daily_net=5.73 R0=4.18000 max_r_stage=0 stacked_pullback=false reversal_ordinal=1
2026.07.31 16:11:44.638,PRIMARY_TRADE,ORDER_FILLED,R19,R-B,TREND_DOWN,Market,,,4035.04,4035.04,4029.04,4063.00,6.00,38,true,0.00,false,1,22.00,3.00,3.00,native fill; reversal_ordinal=1 R0=6.00000 target=R21&R22
2026.07.31 16:11:44.638,QA,MARGIN_POST_FILL,R19,R-B,TREND_DOWN,Telemetry,,,0.00,0.00,0.00,0.00,0.00,38,false,0.00,false,0,22.00,3.00,3.00,lot=0.0100 account_margin=20.18 free_margin=10052.37 margin_level=49913.53
2026.07.31 16:11:44.638,PORTFOLIO_RISK,PORTFOLIO_RISK_POST_FILL,R19,R-B,TREND_DOWN,PostFill,,,0.00,0.00,0.00,0.00,0.00,0,false,0.00,false,0,22.00,3.00,3.00,mode=GROSS_DAILY pct=30.00 budget=3000.00 realized=16.39 open=6.00 pending=0.00 used=22.39 overflow=false
2026.07.31 16:15:00.053,SIGNAL,BREAKOUT_SIGNAL,R20,BO-S,TREND_DOWN,Close,BO#05,,4036.23,0.00,0.00,0.00,0.00,0,false,0.00,false,0,3.00,24.00,3.00,ZONE_ENGAGED + buffered close + trend snapshot
2026.07.31 16:15:00.053,MVP_FILTER,PULLBACK_CYCLE_BLOCKED_MVP_CONTEXT,R20,PB-S,TREND_DOWN,Shadow,,BO#05,0.00,0.00,0.00,0.00,0.00,0,false,0.00,false,0,3.00,24.00,3.00,PB free_space 3.00000 < 12.00
2026.07.31 16:31:22.463,PRIMARY_TRADE,POSITION_CLOSED,R19,R-B,TREND_DOWN,,,,0.00,4037.92,0.00,0.00,6.00,38,true,2.88,false,1,22.00,3.00,3.00,position_net=2.88 daily_net=8.61 R0=6.00000 max_r_stage=2 stacked_pullback=false reversal_ordinal=1
2026.07.31 16:45:00.028,SIGNAL,BREAKOUT_SIGNAL,R19,BO-S,TREND_DOWN,Close,BO#06,,4025.67,0.00,0.00,0.00,0.00,0,false,0.00,false,0,22.00,3.00,3.00,ZONE_ENGAGED + buffered close + trend snapshot
2026.07.31 16:45:00.028,SIGNAL,PULLBACK_CYCLE_CREATED,R19,PB-S,TREND_DOWN,Stop,,BO#06,0.00,0.00,0.00,0.00,0.00,0,false,0.00,false,0,22.00,3.00,3.00,cycle created from independent valid breakout
2026.07.31 16:45:00.028,SIGNAL,BREAKOUT_SIGNAL,R20,BO-S,TREND_DOWN,Close,BO#07,,4025.67,0.00,0.00,0.00,0.00,0,false,0.00,false,0,3.00,24.00,3.00,ZONE_ENGAGED + buffered close + trend snapshot
2026.07.31 16:45:00.028,MVP_FILTER,PULLBACK_CYCLE_BLOCKED_MVP_CONTEXT,R20,PB-S,TREND_DOWN,Shadow,,BO#07,0.00,0.00,0.00,0.00,0.00,0,false,0.00,false,0,3.00,24.00,3.00,PB free_space 3.00000 < 12.00
2026.07.31 17:01:47.740,PORTFOLIO_RISK,PORTFOLIO_RISK_PRECHECK,R19,PB-S,TREND_DOWN,Stop,,BO#06,4032.00,0.00,4038.00,0.00,6.00,0,false,0.00,false,0,22.00,3.00,3.00,mode=GROSS_DAILY pct=30.00 budget=3000.00 realized=16.39 open=0.00 pending=0.00 used=16.39 remaining=2983.61 new=6.00 allowed=true
2026.07.31 17:01:47.740,QA,MARGIN_PRECHECK,R19,PB-S,TREND_DOWN,Telemetry,,BO#06,4032.00,0.00,0.00,0.00,0.00,0,false,0.00,false,0,22.00,3.00,3.00,lot=0.0100 required_new_margin=20.16 account_margin=0.00 free_margin=10075.65 margin_level=0.00
2026.07.31 17:01:47.740,SIGNAL,PENDING_PLACED,R19,PB-S,TREND_DOWN,Stop,,BO#06,4032.00,0.00,4038.00,4010.00,6.00,0,false,0.00,false,0,22.00,3.00,3.00,exact zone edge; native MT5 activation; R0=6.00000 target=R17&R18
2026.07.31 17:01:49.022,PRIMARY_TRADE,ORDER_FILLED,R19,PB-S,TREND_DOWN,Stop,,BO#06,4032.00,4031.99,4038.00,4010.00,6.00,40,true,0.00,false,0,22.00,3.00,3.00,native fill; R0=6.00000 target=R17&R18
2026.07.31 17:01:49.022,QA,MARGIN_POST_FILL,R19,PB-S,TREND_DOWN,Telemetry,,BO#06,0.00,0.00,0.00,0.00,0.00,40,false,0.00,false,0,22.00,3.00,3.00,lot=0.0100 account_margin=20.16 free_margin=10055.27 margin_level=49977.33
2026.07.31 17:01:49.022,PORTFOLIO_RISK,PORTFOLIO_RISK_POST_FILL,R19,PB-S,TREND_DOWN,PostFill,,BO#06,0.00,0.00,0.00,0.00,0.00,0,false,0.00,false,0,22.00,3.00,3.00,mode=GROSS_DAILY pct=30.00 budget=3000.00 realized=16.39 open=6.01 pending=0.00 used=22.40 overflow=false
2026.07.31 17:11:41.213,PRIMARY_TRADE,POSITION_CLOSED,R19,PB-S,TREND_DOWN,,,BO#06,0.00,4029.00,0.00,0.00,6.00,40,true,2.99,false,0,22.00,3.00,3.00,position_net=2.99 daily_net=11.60 R0=6.00000 max_r_stage=2 stacked_pullback=false reversal_ordinal=0
2026.07.31 17:45:00.134,SIGNAL,BREAKOUT_SIGNAL,R20,BO-B,TREND_UP,Close,BO#08,,4041.55,0.00,0.00,0.00,0.00,0,false,0.00,false,0,3.00,24.00,3.00,ZONE_ENGAGED + buffered close + trend snapshot
2026.07.31 17:45:00.134,SIGNAL,PULLBACK_CYCLE_CREATED,R20,PB-B,TREND_UP,Stop,,BO#08,0.00,0.00,0.00,0.00,0.00,0,false,0.00,false,0,3.00,24.00,3.00,cycle created from independent valid breakout
2026.07.31 18:32:14.933,PORTFOLIO_RISK,PORTFOLIO_RISK_PRECHECK,R20,PB-B,TREND_DOWN,Stop,,BO#08,4039.00,0.00,4035.00,0.00,4.00,0,false,0.00,false,0,3.00,24.00,3.00,mode=GROSS_DAILY pct=30.00 budget=3000.00 realized=16.39 open=0.00 pending=0.00 used=16.39 remaining=2983.61 new=4.00 allowed=true
2026.07.31 18:32:14.933,QA,MARGIN_PRECHECK,R20,PB-B,TREND_DOWN,Telemetry,,BO#08,4039.00,0.00,0.00,0.00,0.00,0,false,0.00,false,0,3.00,24.00,3.00,lot=0.0100 required_new_margin=20.20 account_margin=0.00 free_margin=10078.64 margin_level=0.00
2026.07.31 18:32:14.933,SIGNAL,PENDING_PLACED,R20,PB-B,TREND_DOWN,Stop,,BO#08,4039.00,0.00,4035.00,4063.00,4.00,0,false,0.00,false,0,3.00,24.00,3.00,exact zone edge; native MT5 activation; R0=4.00000 target=R21&R22
2026.07.31 18:32:14.944,PRIMARY_TRADE,ORDER_FILLED,R20,PB-B,TREND_DOWN,Stop,,BO#08,4039.00,4039.00,4035.00,4063.00,4.00,42,true,0.00,false,0,3.00,24.00,3.00,native fill; R0=4.00000 target=R21&R22
2026.07.31 18:32:14.944,QA,MARGIN_POST_FILL,R20,PB-B,TREND_DOWN,Telemetry,,BO#08,0.00,0.00,0.00,0.00,0.00,42,false,0.00,false,0,3.00,24.00,3.00,lot=0.0100 account_margin=20.20 free_margin=10058.22 margin_level=49893.17
2026.07.31 18:32:14.944,PORTFOLIO_RISK,PORTFOLIO_RISK_POST_FILL,R20,PB-B,TREND_DOWN,PostFill,,BO#08,0.00,0.00,0.00,0.00,0.00,0,false,0.00,false,0,3.00,24.00,3.00,mode=GROSS_DAILY pct=30.00 budget=3000.00 realized=16.39 open=4.00 pending=0.00 used=20.39 overflow=false
2026.07.31 22:12:01.308,PRIMARY_TRADE,POSITION_CLOSED,R20,PB-B,TREND_DOWN,,,BO#08,0.00,4047.02,0.00,0.00,4.00,42,true,8.02,false,0,3.00,24.00,3.00,position_net=8.02 daily_net=19.62 R0=4.00000 max_r_stage=3 stacked_pullback=false reversal_ordinal=0
2026.07.31 23:50:00.046,QA,SESSION_PRE_CLOSE_CUTOFF_ENTERED,,,TREND_DOWN,Telemetry,,,0.00,0.00,0.00,0.00,0.00,0,false,0.00,false,0,N/A,N/A,N/A,mode=ALL_FLAT broker_session_end=2026.07.31 23:55:00 cutoff=2026.07.31 23:50:00 minutes=5.00 window=2026.07.31 01:00:00->2026.07.31 23:55:00
2026.08.03 01:00:00.943,QA,SESSION_WINDOW_ACTIVE,,,TREND_DOWN,Telemetry,,,0.00,0.00,0.00,0.00,0.00,0,false,0.00,false,0,N/A,N/A,N/A,mode=ALL_FLAT day=MONDAY session_index=0 from=2026.08.03 01:00:00 to=2026.08.04 00:00:00
2026.08.03 01:00:01.104,PORTFOLIO_RISK,PORTFOLIO_RISK_PRECHECK,R11,R-S,TREND_UP,Market,,,4082.32,0.00,4088.32,0.00,6.00,0,false,0.00,false,0,15.00,12.00,12.00,mode=GROSS_DAILY pct=30.00 budget=3000.00 realized=0.00 open=0.00 pending=0.00 used=0.00 remaining=3000.00 new=6.00 allowed=true
2026.08.03 01:00:01.104,SIGNAL,REVERSAL_SIGNAL,R11,R-S,TREND_UP,Market,,,4082.32,0.00,4088.32,4067.00,6.00,0,false,0.00,false,1,15.00,12.00,12.00,reversal_ordinal=1/1 directional touch + trend valid; R0=6.00000 target=R10
2026.08.03 01:00:01.104,QA,MARGIN_PRECHECK,R11,R-S,TREND_UP,Telemetry,,,4082.32,0.00,0.00,0.00,0.00,0,false,0.00,false,0,15.00,12.00,12.00,lot=0.0100 required_new_margin=20.41 account_margin=0.00 free_margin=10086.66 margin_level=0.00
2026.08.03 01:00:01.104,PRIMARY_TRADE,ORDER_FILLED,R11,R-S,TREND_UP,Market,,,4082.32,4082.32,4088.32,4067.00,6.00,44,true,0.00,false,1,15.00,12.00,12.00,native fill; reversal_ordinal=1 R0=6.00000 target=R10
2026.08.03 01:00:01.104,QA,MARGIN_POST_FILL,R11,R-S,TREND_UP,Telemetry,,,0.00,0.00,0.00,0.00,0.00,44,false,0.00,false,0,15.00,12.00,12.00,lot=0.0100 account_margin=20.41 free_margin=10064.05 margin_level=49409.41
2026.08.03 01:00:01.104,PORTFOLIO_RISK,PORTFOLIO_RISK_POST_FILL,R11,R-S,TREND_UP,PostFill,,,0.00,0.00,0.00,0.00,0.00,0,false,0.00,false,0,15.00,12.00,12.00,mode=GROSS_DAILY pct=30.00 budget=3000.00 realized=0.00 open=6.00 pending=0.00 used=6.00 overflow=false
2026.08.03 01:02:39.167,PRIMARY_TRADE,POSITION_CLOSED,R11,R-S,TREND_UP,,,,0.00,4080.01,0.00,0.00,6.00,44,true,2.31,false,1,15.00,12.00,12.00,position_net=2.31 daily_net=2.31 R0=6.00000 max_r_stage=3 stacked_pullback=false reversal_ordinal=1
2026.08.03 01:24:37.424,PORTFOLIO_RISK,PORTFOLIO_RISK_PRECHECK,R10,R-S,TREND_UP,Market,,,4065.20,0.00,4071.20,0.00,6.00,0,false,0.00,false,0,3.00,15.00,3.00,mode=GROSS_DAILY pct=30.00 budget=3000.00 realized=0.00 open=0.00 pending=0.00 used=0.00 remaining=3000.00 new=6.00 allowed=true
2026.08.03 01:24:37.424,SIGNAL,REVERSAL_SIGNAL,R10,R-S,TREND_UP,Market,,,4065.20,0.00,4071.20,4036.00,6.00,0,false,0.00,false,1,3.00,15.00,3.00,reversal_ordinal=1/1 directional touch + trend valid; R0=6.00000 target=R8
2026.08.03 01:24:37.424,QA,MARGIN_PRECHECK,R10,R-S,TREND_UP,Telemetry,,,4065.20,0.00,0.00,0.00,0.00,0,false,0.00,false,0,3.00,15.00,3.00,lot=0.0100 required_new_margin=20.33 account_margin=0.00 free_margin=10088.97 margin_level=0.00
2026.08.03 01:24:37.424,PRIMARY_TRADE,ORDER_FILLED,R10,R-S,TREND_UP,Market,,,4065.20,4065.20,4071.20,4036.00,6.00,46,true,0.00,false,1,3.00,15.00,3.00,native fill; reversal_ordinal=1 R0=6.00000 target=R8
2026.08.03 01:24:37.424,QA,MARGIN_POST_FILL,R10,R-S,TREND_UP,Telemetry,,,0.00,0.00,0.00,0.00,0.00,46,false,0.00,false,0,3.00,15.00,3.00,lot=0.0100 account_margin=20.33 free_margin=10068.42 margin_level=49624.94
2026.08.03 01:24:37.424,PORTFOLIO_RISK,PORTFOLIO_RISK_POST_FILL,R10,R-S,TREND_UP,PostFill,,,0.00,0.00,0.00,0.00,0.00,0,false,0.00,false,0,3.00,15.00,3.00,mode=GROSS_DAILY pct=30.00 budget=3000.00 realized=0.00 open=6.00 pending=0.00 used=6.00 overflow=false
2026.08.03 02:00:00.024,SIGNAL,BREAKOUT_SIGNAL,R10,BO-S,TREND_DOWN,Close,BO#01,,4063.61,0.00,0.00,0.00,0.00,0,false,0.00,false,0,3.00,15.00,3.00,ZONE_ENGAGED + buffered close + trend snapshot
2026.08.03 02:00:00.024,MVP_FILTER,PULLBACK_CYCLE_BLOCKED_MVP_CONTEXT,R10,PB-S,TREND_DOWN,Shadow,,BO#01,0.00,0.00,0.00,0.00,0.00,0,false,0.00,false,0,3.00,15.00,3.00,PB free_space 3.00000 < 12.00
2026.08.03 02:19:35.164,PRIMARY_TRADE,POSITION_CLOSED,R10,R-S,TREND_UP,,,,0.00,4071.25,0.00,0.00,6.00,46,true,-6.05,false,1,3.00,15.00,3.00,position_net=-6.05 daily_net=-3.74 R0=6.00000 max_r_stage=0 stacked_pullback=false reversal_ordinal=1
2026.08.03 02:30:00.178,SIGNAL,BREAKOUT_SIGNAL,R10,BO-B,TREND_UP,Close,BO#02,,4072.00,0.00,0.00,0.00,0.00,0,false,0.00,false,0,3.00,15.00,3.00,ZONE_ENGAGED + buffered close + trend snapshot
2026.08.03 02:30:00.178,SIGNAL,PULLBACK_CYCLE_CREATED,R10,PB-B,TREND_UP,Stop,,BO#02,0.00,0.00,0.00,0.00,0.00,0,false,0.00,false,0,3.00,15.00,3.00,cycle created from independent valid breakout
2026.08.03 03:23:38.876,PORTFOLIO_RISK,PORTFOLIO_RISK_PRECHECK,R10,PB-B,TREND_DOWN,Stop,,BO#02,4067.00,0.00,4062.00,0.00,5.00,0,false,0.00,false,0,3.00,15.00,3.00,mode=GROSS_DAILY pct=30.00 budget=3000.00 realized=6.05 open=0.00 pending=0.00 used=6.05 remaining=2993.95 new=5.00 allowed=true
2026.08.03 03:23:38.876,QA,MARGIN_PRECHECK,R10,PB-B,TREND_DOWN,Telemetry,,BO#02,4067.00,0.00,0.00,0.00,0.00,0,false,0.00,false,0,3.00,15.00,3.00,lot=0.0100 required_new_margin=20.34 account_margin=0.00 free_margin=10082.92 margin_level=0.00
2026.08.03 03:23:38.876,SIGNAL,PENDING_PLACED,R10,PB-B,TREND_DOWN,Stop,,BO#02,4067.00,0.00,4062.00,4082.00,5.00,0,false,0.00,false,0,3.00,15.00,3.00,exact zone edge; native MT5 activation; R0=5.00000 target=R11
2026.08.03 03:23:38.905,PRIMARY_TRADE,ORDER_FILLED,R10,PB-B,TREND_DOWN,Stop,,BO#02,4067.00,4067.05,4062.00,4082.00,5.00,48,true,0.00,false,0,3.00,15.00,3.00,native fill; R0=5.00000 target=R11
2026.08.03 03:23:38.905,QA,MARGIN_POST_FILL,R10,PB-B,TREND_DOWN,Telemetry,,BO#02,0.00,0.00,0.00,0.00,0.00,48,false,0.00,false,0,3.00,15.00,3.00,lot=0.0100 account_margin=20.34 free_margin=10062.36 margin_level=49570.80
2026.08.03 03:23:38.905,PORTFOLIO_RISK,PORTFOLIO_RISK_POST_FILL,R10,PB-B,TREND_DOWN,PostFill,,BO#02,0.00,0.00,0.00,0.00,0.00,0,false,0.00,false,0,3.00,15.00,3.00,mode=GROSS_DAILY pct=30.00 budget=3000.00 realized=6.05 open=5.05 pending=0.00 used=11.10 overflow=false
2026.08.03 03:27:14.918,PORTFOLIO_RISK,PORTFOLIO_RISK_PRECHECK,R9,R-B,TREND_DOWN,Market,,,4062.17,0.00,4056.17,0.00,6.00,0,false,0.00,false,0,25.00,3.00,3.00,mode=GROSS_DAILY pct=30.00 budget=3000.00 realized=6.05 open=0.00 pending=0.00 used=6.05 remaining=2993.95 new=6.00 allowed=true
2026.08.03 03:27:14.918,SIGNAL,REVERSAL_SIGNAL,R9,R-B,TREND_DOWN,Market,,,4062.17,0.00,4056.17,4082.00,6.00,0,false,0.00,false,1,25.00,3.00,3.00,reversal_ordinal=1/1 directional touch + trend valid; R0=6.00000 target=R11
2026.08.03 03:27:14.918,QA,MARGIN_PRECHECK,R9,R-B,TREND_DOWN,Telemetry,,,4062.17,0.00,0.00,0.00,0.00,0,false,0.00,false,0,25.00,3.00,3.00,lot=0.0100 required_new_margin=20.31 account_margin=0.00 free_margin=10077.82 margin_level=0.00
2026.08.03 03:27:14.918,PRIMARY_TRADE,POSITION_CLOSED,R10,PB-B,TREND_DOWN,,,BO#02,0.00,4061.95,0.00,0.00,5.00,48,true,-5.10,false,0,3.00,15.00,3.00,position_net=-5.10 daily_net=-8.84 R0=5.00000 max_r_stage=0 stacked_pullback=false reversal_ordinal=0
2026.08.03 03:27:14.918,PRIMARY_TRADE,ORDER_FILLED,R9,R-B,TREND_DOWN,Market,,,4062.17,4062.17,4056.17,4082.00,6.00,50,true,0.00,false,1,25.00,3.00,3.00,native fill; reversal_ordinal=1 R0=6.00000 target=R11
2026.08.03 03:27:14.918,QA,MARGIN_POST_FILL,R9,R-B,TREND_DOWN,Telemetry,,,0.00,0.00,0.00,0.00,0.00,50,false,0.00,false,0,25.00,3.00,3.00,lot=0.0100 account_margin=20.31 free_margin=10057.29 margin_level=49618.91
2026.08.03 03:27:14.918,PORTFOLIO_RISK,PORTFOLIO_RISK_POST_FILL,R9,R-B,TREND_DOWN,PostFill,,,0.00,0.00,0.00,0.00,0.00,0,false,0.00,false,0,25.00,3.00,3.00,mode=GROSS_DAILY pct=30.00 budget=3000.00 realized=11.15 open=6.00 pending=0.00 used=17.15 overflow=false
2026.08.03 03:36:57.144,PRIMARY_TRADE,POSITION_CLOSED,R9,R-B,TREND_DOWN,,,,0.00,4062.15,0.00,0.00,6.00,50,true,-0.02,false,1,25.00,3.00,3.00,position_net=-0.02 daily_net=-8.86 R0=6.00000 max_r_stage=1 stacked_pullback=false reversal_ordinal=1
2026.08.03 03:45:00.051,SIGNAL,BREAKOUT_SIGNAL,R9,BO-S,TREND_DOWN,Close,BO#03,,4057.82,0.00,0.00,0.00,0.00,0,false,0.00,false,0,25.00,3.00,3.00,ZONE_ENGAGED + buffered close + trend snapshot
2026.08.03 03:45:00.051,SIGNAL,PULLBACK_CYCLE_CREATED,R9,PB-S,TREND_DOWN,Stop,,BO#03,0.00,0.00,0.00,0.00,0.00,0,false,0.00,false,0,25.00,3.00,3.00,cycle created from independent valid breakout
2026.08.03 03:45:00.051,SIGNAL,BREAKOUT_SIGNAL,R10,BO-S,TREND_DOWN,Close,BO#04,,4057.82,0.00,0.00,0.00,0.00,0,false,0.00,false,0,3.00,15.00,3.00,ZONE_ENGAGED + buffered close + trend snapshot
2026.08.03 03:45:00.051,MVP_FILTER,PULLBACK_CYCLE_BLOCKED_MVP_CONTEXT,R10,PB-S,TREND_DOWN,Shadow,,BO#04,0.00,0.00,0.00,0.00,0.00,0,false,0.00,false,0,3.00,15.00,3.00,PB free_space 3.00000 < 12.00
2026.08.03 04:01:53.933,PORTFOLIO_RISK,PORTFOLIO_RISK_PRECHECK,R9,PB-S,TREND_DOWN,Stop,,BO#03,4061.00,0.00,4065.00,0.00,4.00,0,false,0.00,false,0,25.00,3.00,3.00,mode=GROSS_DAILY pct=30.00 budget=3000.00 realized=11.17 open=0.00 pending=0.00 used=11.17 remaining=2988.83 new=4.00 allowed=true
2026.08.03 04:01:53.933,QA,MARGIN_PRECHECK,R9,PB-S,TREND_DOWN,Telemetry,,BO#03,4061.00,0.00,0.00,0.00,0.00,0,false,0.00,false,0,25.00,3.00,3.00,lot=0.0100 required_new_margin=20.31 account_margin=0.00 free_margin=10077.80 margin_level=0.00
2026.08.03 04:01:53.933,SIGNAL,PENDING_PLACED,R9,PB-S,TREND_DOWN,Stop,,BO#03,4061.00,0.00,4065.00,4036.00,4.00,0,false,0.00,false,0,25.00,3.00,3.00,exact zone edge; native MT5 activation; R0=4.00000 target=R8
2026.08.03 04:02:13.588,PRIMARY_TRADE,ORDER_FILLED,R9,PB-S,TREND_DOWN,Stop,,BO#03,4061.00,4060.96,4065.00,4036.00,4.00,52,true,0.00,false,0,25.00,3.00,3.00,native fill; R0=4.00000 target=R8
2026.08.03 04:02:13.588,QA,MARGIN_POST_FILL,R9,PB-S,TREND_DOWN,Telemetry,,BO#03,0.00,0.00,0.00,0.00,0.00,52,false,0.00,false,0,25.00,3.00,3.00,lot=0.0100 account_margin=20.30 free_margin=10057.29 margin_level=49643.30
2026.08.03 04:02:13.588,PORTFOLIO_RISK,PORTFOLIO_RISK_POST_FILL,R9,PB-S,TREND_DOWN,PostFill,,BO#03,0.00,0.00,0.00,0.00,0.00,0,false,0.00,false,0,25.00,3.00,3.00,mode=GROSS_DAILY pct=30.00 budget=3000.00 realized=11.17 open=4.04 pending=0.00 used=15.21 overflow=false
2026.08.03 04:05:39.104,PRIMARY_TRADE,POSITION_CLOSED,R9,PB-S,TREND_DOWN,,,BO#03,0.00,4060.99,0.00,0.00,4.00,52,true,-0.03,false,0,25.00,3.00,3.00,position_net=-0.03 daily_net=-8.89 R0=4.00000 max_r_stage=1 stacked_pullback=false reversal_ordinal=0
2026.08.03 04:15:00.023,SIGNAL,BREAKOUT_SIGNAL,R9,BO-S,TREND_DOWN,Close,BO#05,,4052.62,0.00,0.00,0.00,0.00,0,false,0.00,false,0,25.00,3.00,3.00,ZONE_ENGAGED + buffered close + trend snapshot
2026.08.03 04:15:00.023,SIGNAL,PULLBACK_CYCLE_CREATED,R9,PB-S,TREND_DOWN,Stop,,BO#05,0.00,0.00,0.00,0.00,0.00,0,false,0.00,false,0,25.00,3.00,3.00,cycle created from independent valid breakout
2026.08.03 06:15:00.010,SIGNAL,BREAKOUT_SIGNAL,R9,BO-B,TREND_UP,Close,BO#06,,4064.23,0.00,0.00,0.00,0.00,0,false,0.00,false,0,25.00,3.00,3.00,ZONE_ENGAGED + buffered close + trend snapshot
2026.08.03 06:15:00.010,MVP_FILTER,PULLBACK_CYCLE_BLOCKED_MVP_CONTEXT,R9,PB-B,TREND_UP,Shadow,,BO#06,0.00,0.00,0.00,0.00,0.00,0,false,0.00,false,0,25.00,3.00,3.00,PB free_space 3.00000 < 12.00
2026.08.03 07:30:00.035,SIGNAL,BREAKOUT_SIGNAL,R10,BO-B,TREND_UP,Close,BO#07,,4068.39,0.00,0.00,0.00,0.00,0,false,0.00,false,0,3.00,15.00,3.00,ZONE_ENGAGED + buffered close + trend snapshot
2026.08.03 07:30:00.035,SIGNAL,PULLBACK_CYCLE_CREATED,R10,PB-B,TREND_UP,Stop,,BO#07,0.00,0.00,0.00,0.00,0.00,0,false,0.00,false,0,3.00,15.00,3.00,cycle created from independent valid breakout
2026.08.03 07:57:26.507,PORTFOLIO_RISK,PORTFOLIO_RISK_PRECHECK,R10,PB-B,TREND_UP,Stop,,BO#07,4067.00,0.00,4062.00,0.00,5.00,0,false,0.00,false,0,3.00,15.00,3.00,mode=GROSS_DAILY pct=30.00 budget=3000.00 realized=11.20 open=0.00 pending=0.00 used=11.20 remaining=2988.80 new=5.00 allowed=true
2026.08.03 07:57:26.507,QA,MARGIN_PRECHECK,R10,PB-B,TREND_UP,Telemetry,,BO#07,4067.00,0.00,0.00,0.00,0.00,0,false,0.00,false,0,3.00,15.00,3.00,lot=0.0100 required_new_margin=20.34 account_margin=0.00 free_margin=10077.77 margin_level=0.00
2026.08.03 07:57:26.507,SIGNAL,PENDING_PLACED,R10,PB-B,TREND_UP,Stop,,BO#07,4067.00,0.00,4062.00,4082.00,5.00,0,false,0.00,false,0,3.00,15.00,3.00,exact zone edge; native MT5 activation; R0=5.00000 target=R11
2026.08.03 07:57:27.121,PRIMARY_TRADE,ORDER_FILLED,R10,PB-B,TREND_UP,Stop,,BO#07,4067.00,4067.01,4062.00,4082.00,5.00,54,true,0.00,false,0,3.00,15.00,3.00,native fill; R0=5.00000 target=R11
2026.08.03 07:57:27.121,QA,MARGIN_POST_FILL,R10,PB-B,TREND_UP,Telemetry,,BO#07,0.00,0.00,0.00,0.00,0.00,54,false,0.00,false,0,3.00,15.00,3.00,lot=0.0100 account_margin=20.34 free_margin=10057.21 margin_level=49545.48
2026.08.03 07:57:27.121,PORTFOLIO_RISK,PORTFOLIO_RISK_POST_FILL,R10,PB-B,TREND_UP,PostFill,,BO#07,0.00,0.00,0.00,0.00,0.00,0,false,0.00,false,0,3.00,15.00,3.00,mode=GROSS_DAILY pct=30.00 budget=3000.00 realized=11.20 open=5.01 pending=0.00 used=16.21 overflow=false
2026.08.03 08:05:06.989,PRIMARY_TRADE,POSITION_CLOSED,R10,PB-B,TREND_DOWN,,,BO#07,0.00,4062.00,0.00,0.00,5.00,54,true,-5.01,false,0,3.00,15.00,3.00,position_net=-5.01 daily_net=-13.90 R0=5.00000 max_r_stage=0 stacked_pullback=false reversal_ordinal=0
2026.08.03 08:15:00.433,SIGNAL,BREAKOUT_SIGNAL,R9,BO-S,TREND_DOWN,Close,BO#08,,4057.36,0.00,0.00,0.00,0.00,0,false,0.00,false,0,25.00,3.00,3.00,ZONE_ENGAGED + buffered close + trend snapshot
2026.08.03 08:15:00.433,SIGNAL,PULLBACK_CYCLE_CREATED,R9,PB-S,TREND_DOWN,Stop,,BO#08,0.00,0.00,0.00,0.00,0.00,0,false,0.00,false,0,25.00,3.00,3.00,cycle created from independent valid breakout
2026.08.03 08:26:34.056,PORTFOLIO_RISK,PORTFOLIO_RISK_PRECHECK,R9,PB-S,TREND_DOWN,Stop,,BO#08,4061.00,0.00,4065.00,0.00,4.00,0,false,0.00,false,0,25.00,3.00,3.00,mode=GROSS_DAILY pct=30.00 budget=3000.00 realized=16.21 open=0.00 pending=0.00 used=16.21 remaining=2983.79 new=4.00 allowed=true
2026.08.03 08:26:34.056,QA,MARGIN_PRECHECK,R9,PB-S,TREND_DOWN,Telemetry,,BO#08,4061.00,0.00,0.00,0.00,0.00,0,false,0.00,false,0,25.00,3.00,3.00,lot=0.0100 required_new_margin=20.31 account_margin=0.00 free_margin=10072.76 margin_level=0.00
2026.08.03 08:26:34.056,SIGNAL,PENDING_PLACED,R9,PB-S,TREND_DOWN,Stop,,BO#08,4061.00,0.00,4065.00,4036.00,4.00,0,false,0.00,false,0,25.00,3.00,3.00,exact zone edge; native MT5 activation; R0=4.00000 target=R8
2026.08.03 08:27:16.607,PRIMARY_TRADE,ORDER_FILLED,R9,PB-S,TREND_DOWN,Stop,,BO#08,4061.00,4060.97,4065.00,4036.00,4.00,56,true,0.00,false,0,25.00,3.00,3.00,native fill; R0=4.00000 target=R8
2026.08.03 08:27:16.607,QA,MARGIN_POST_FILL,R9,PB-S,TREND_DOWN,Telemetry,,BO#08,0.00,0.00,0.00,0.00,0.00,56,false,0.00,false,0,25.00,3.00,3.00,lot=0.0100 account_margin=20.30 free_margin=10052.24 margin_level=49618.42
2026.08.03 08:27:16.607,PORTFOLIO_RISK,PORTFOLIO_RISK_POST_FILL,R9,PB-S,TREND_DOWN,PostFill,,BO#08,0.00,0.00,0.00,0.00,0.00,0,false,0.00,false,0,25.00,3.00,3.00,mode=GROSS_DAILY pct=30.00 budget=3000.00 realized=16.21 open=4.03 pending=0.00 used=20.24 overflow=false
2026.08.03 08:30:00.084,SIGNAL,BREAKOUT_SIGNAL,R9,BO-S,TREND_DOWN,Close,BO#09,,4059.30,0.00,0.00,0.00,0.00,0,false,0.00,false,0,25.00,3.00,3.00,ZONE_ENGAGED + buffered close + trend snapshot
2026.08.03 08:30:00.084,MVP_FILTER,PULLBACK_CYCLE_BLOCKED_MVP_CONTEXT,R9,PB-S,TREND_DOWN,Shadow,,BO#09,0.00,0.00,0.00,0.00,0.00,0,false,0.00,false,0,25.00,3.00,3.00,Normal PB daily max reached: 2
2026.08.03 08:42:19.765,PRIMARY_TRADE,POSITION_CLOSED,R9,PB-S,TREND_DOWN,,,BO#08,0.00,4061.07,0.00,0.00,4.00,56,true,-0.10,false,0,25.00,3.00,3.00,position_net=-0.10 daily_net=-14.00 R0=4.00000 max_r_stage=1 stacked_pullback=false reversal_ordinal=0
2026.08.03 09:00:00.000,SIGNAL,BREAKOUT_SIGNAL,R9,BO-B,TREND_UP,Close,BO#10,,4069.64,0.00,0.00,0.00,0.00,0,false,0.00,false,0,25.00,3.00,3.00,ZONE_ENGAGED + buffered close + trend snapshot
2026.08.03 09:00:00.000,MVP_FILTER,PULLBACK_CYCLE_BLOCKED_MVP_CONTEXT,R9,PB-B,TREND_UP,Shadow,,BO#10,0.00,0.00,0.00,0.00,0.00,0,false,0.00,false,0,25.00,3.00,3.00,Normal PB daily max reached: 2
2026.08.03 09:00:00.000,SIGNAL,BREAKOUT_SIGNAL,R10,BO-B,TREND_UP,Close,BO#11,,4069.64,0.00,0.00,0.00,0.00,0,false,0.00,false,0,3.00,15.00,3.00,ZONE_ENGAGED + buffered close + trend snapshot
2026.08.03 09:00:00.000,MVP_FILTER,PULLBACK_CYCLE_BLOCKED_MVP_CONTEXT,R10,PB-B,TREND_UP,Shadow,,BO#11,0.00,0.00,0.00,0.00,0.00,0,false,0.00,false,0,3.00,15.00,3.00,Normal PB daily max reached: 2
2026.08.03 09:30:00.015,SIGNAL,BREAKOUT_SIGNAL,R10,BO-B,TREND_UP,Close,BO#12,,4068.58,0.00,0.00,0.00,0.00,0,false,0.00,false,0,3.00,15.00,3.00,ZONE_ENGAGED + buffered close + trend snapshot
2026.08.03 09:30:00.015,MVP_FILTER,PULLBACK_CYCLE_BLOCKED_MVP_CONTEXT,R10,PB-B,TREND_UP,Shadow,,BO#12,0.00,0.00,0.00,0.00,0.00,0,false,0.00,false,0,3.00,15.00,3.00,Normal PB daily max reached: 2
2026.08.03 09:45:00.006,SIGNAL,BREAKOUT_SIGNAL,R9,BO-B,TREND_UP,Close,BO#13,,4065.50,0.00,0.00,0.00,0.00,0,false,0.00,false,0,25.00,3.00,3.00,ZONE_ENGAGED + buffered close + trend snapshot
2026.08.03 09:45:00.006,MVP_FILTER,PULLBACK_CYCLE_BLOCKED_MVP_CONTEXT,R9,PB-B,TREND_UP,Shadow,,BO#13,0.00,0.00,0.00,0.00,0.00,0,false,0.00,false,0,25.00,3.00,3.00,Normal PB daily max reached: 2
2026.08.03 10:30:00.020,SIGNAL,BREAKOUT_SIGNAL,R9,BO-S,TREND_DOWN,Close,BO#14,,4058.04,0.00,0.00,0.00,0.00,0,false,0.00,false,0,25.00,3.00,3.00,ZONE_ENGAGED + buffered close + trend snapshot
2026.08.03 10:30:00.020,MVP_FILTER,PULLBACK_CYCLE_BLOCKED_MVP_CONTEXT,R9,PB-S,TREND_DOWN,Shadow,,BO#14,0.00,0.00,0.00,0.00,0.00,0,false,0.00,false,0,25.00,3.00,3.00,Normal PB daily max reached: 2
2026.08.03 11:30:00.053,SIGNAL,BREAKOUT_SIGNAL,R9,BO-S,TREND_DOWN,Close,BO#15,,4055.96,0.00,0.00,0.00,0.00,0,false,0.00,false,0,25.00,3.00,3.00,ZONE_ENGAGED + buffered close + trend snapshot
2026.08.03 11:30:00.053,MVP_FILTER,PULLBACK_CYCLE_BLOCKED_MVP_CONTEXT,R9,PB-S,TREND_DOWN,Shadow,,BO#15,0.00,0.00,0.00,0.00,0.00,0,false,0.00,false,0,25.00,3.00,3.00,Normal PB daily max reached: 2
2026.08.03 12:30:00.308,SIGNAL,BREAKOUT_SIGNAL,R9,BO-S,TREND_DOWN,Close,BO#16,,4052.68,0.00,0.00,0.00,0.00,0,false,0.00,false,0,25.00,3.00,3.00,ZONE_ENGAGED + buffered close + trend snapshot
2026.08.03 12:30:00.308,MVP_FILTER,PULLBACK_CYCLE_BLOCKED_MVP_CONTEXT,R9,PB-S,TREND_DOWN,Shadow,,BO#16,0.00,0.00,0.00,0.00,0.00,0,false,0.00,false,0,25.00,3.00,3.00,Normal PB daily max reached: 2
2026.08.03 16:19:23.433,PORTFOLIO_RISK,PORTFOLIO_RISK_PRECHECK,R8,R-B,TREND_DOWN,Market,,,4036.00,0.00,4027.00,0.00,9.00,0,false,0.00,false,0,24.00,25.00,24.00,mode=GROSS_DAILY pct=30.00 budget=3000.00 realized=16.31 open=0.00 pending=0.00 used=16.31 remaining=2983.69 new=9.00 allowed=true
2026.08.03 16:19:23.433,SIGNAL,REVERSAL_SIGNAL,R8,R-B,TREND_DOWN,Market,,,4036.00,0.00,4027.00,4061.00,9.00,0,false,0.00,false,1,24.00,25.00,24.00,TEST HIGH reversal_ordinal=1/2 SLx=1.50 R_base=6.00000 R0=9.00000 target=R9
2026.08.03 16:19:23.433,QA,MARGIN_PRECHECK,R8,R-B,TREND_DOWN,Telemetry,,,4036.00,0.00,0.00,0.00,0.00,0,false,0.00,false,0,24.00,25.00,24.00,lot=0.0100 required_new_margin=20.18 account_margin=0.00 free_margin=10072.66 margin_level=0.00
2026.08.03 16:19:23.433,PRIMARY_TRADE,ORDER_FILLED,R8,R-B,TREND_DOWN,Market,,,4036.00,4036.00,4027.00,4061.00,9.00,58,true,0.00,false,1,24.00,25.00,24.00,native fill; reversal_ordinal=1 R0=9.00000 target=R9
2026.08.03 16:19:23.433,QA,MARGIN_POST_FILL,R8,R-B,TREND_DOWN,Telemetry,,,0.00,0.00,0.00,0.00,0.00,58,false,0.00,false,0,24.00,25.00,24.00,lot=0.0100 account_margin=20.18 free_margin=10052.26 margin_level=49912.98
2026.08.03 16:19:23.433,PORTFOLIO_RISK,PORTFOLIO_RISK_POST_FILL,R8,R-B,TREND_DOWN,PostFill,,,0.00,0.00,0.00,0.00,0.00,0,false,0.00,false,0,24.00,25.00,24.00,mode=GROSS_DAILY pct=30.00 budget=3000.00 realized=16.31 open=9.00 pending=0.00 used=25.31 overflow=false
2026.08.03 16:36:17.648,PRIMARY_TRADE,POSITION_CLOSED,R8,R-B,TREND_DOWN,,,,0.00,4026.96,0.00,0.00,9.00,58,true,-9.04,false,1,24.00,25.00,24.00,position_net=-9.04 daily_net=-23.04 R0=9.00000 max_r_stage=0 stacked_pullback=false reversal_ordinal=1
2026.08.03 17:00:00.064,SIGNAL,BREAKOUT_SIGNAL,R8,BO-S,TREND_DOWN,Close,BO#17,,4029.20,0.00,0.00,0.00,0.00,0,false,0.00,false,0,24.00,25.00,24.00,ZONE_ENGAGED + buffered close + trend snapshot
2026.08.03 17:00:00.064,SIGNAL,PULLBACK_CYCLE_CREATED,R8,PB-S,TREND_DOWN,Stop,,BO#17,0.00,0.00,0.00,0.00,0.00,0,false,0.00,false,0,24.00,25.00,24.00,cycle created from independent valid breakout
2026.08.03 17:02:05.013,PORTFOLIO_RISK,PORTFOLIO_RISK_PRECHECK,R8,PB-S,TREND_DOWN,Stop,,BO#17,4032.00,0.00,4038.00,0.00,6.00,0,false,0.00,false,0,24.00,25.00,24.00,mode=GROSS_DAILY pct=30.00 budget=3000.00 realized=25.35 open=0.00 pending=0.00 used=25.35 remaining=2974.65 new=6.00 allowed=true
2026.08.03 17:02:05.013,QA,MARGIN_PRECHECK,R8,PB-S,TREND_DOWN,Telemetry,,BO#17,4032.00,0.00,0.00,0.00,0.00,0,false,0.00,false,0,24.00,25.00,24.00,lot=0.0100 required_new_margin=20.16 account_margin=0.00 free_margin=10063.62 margin_level=0.00
2026.08.03 17:02:05.013,SIGNAL,PENDING_PLACED,R8,PB-S,TREND_DOWN,Stop,,BO#17,4032.00,0.00,4038.00,4008.00,6.00,0,false,0.00,false,0,24.00,25.00,24.00,exact zone edge; native MT5 activation; R0=6.00000 target=R7
2026.08.03 17:02:34.232,PORTFOLIO_RISK,PORTFOLIO_RISK_PRECHECK,R8,R-B,TREND_DOWN,Market,,,4036.22,0.00,4027.22,0.00,9.00,0,false,0.00,false,0,24.00,25.00,24.00,mode=GROSS_DAILY pct=30.00 budget=3000.00 realized=25.35 open=0.00 pending=6.00 used=31.35 remaining=2968.65 new=9.00 allowed=true
2026.08.03 17:02:34.232,SIGNAL,REVERSAL_SIGNAL,R8,R-B,TREND_DOWN,Market,,,4036.22,0.00,4027.22,4061.00,9.00,0,false,0.00,false,2,24.00,25.00,24.00,TEST HIGH reversal_ordinal=2/2 SLx=1.50 R_base=6.00000 R0=9.00000 target=R9
2026.08.03 17:02:34.232,QA,MARGIN_PRECHECK,R8,R-B,TREND_DOWN,Telemetry,,,4036.22,0.00,0.00,0.00,0.00,0,false,0.00,false,0,24.00,25.00,24.00,lot=0.0100 required_new_margin=20.18 account_margin=0.00 free_margin=10063.62 margin_level=0.00
2026.08.03 17:02:34.232,PRIMARY_TRADE,ORDER_FILLED,R8,R-B,TREND_DOWN,Market,,,4036.22,4036.22,4027.22,4061.00,9.00,61,true,0.00,false,2,24.00,25.00,24.00,native fill; reversal_ordinal=2 R0=9.00000 target=R9
2026.08.03 17:02:34.232,QA,MARGIN_POST_FILL,R8,R-B,TREND_DOWN,Telemetry,,,0.00,0.00,0.00,0.00,0.00,61,false,0.00,false,0,24.00,25.00,24.00,lot=0.0100 account_margin=20.18 free_margin=10043.22 margin_level=49868.19
2026.08.03 17:02:34.232,PORTFOLIO_RISK,PORTFOLIO_RISK_POST_FILL,R8,R-B,TREND_DOWN,PostFill,,,0.00,0.00,0.00,0.00,0.00,0,false,0.00,false,0,24.00,25.00,24.00,mode=GROSS_DAILY pct=30.00 budget=3000.00 realized=25.35 open=9.00 pending=6.00 used=40.35 overflow=false
2026.08.03 17:03:26.869,PRIMARY_TRADE,ORDER_FILLED,R8,PB-S,TREND_DOWN,Stop,,BO#17,4032.00,4031.92,4038.00,4008.00,6.00,60,true,0.00,false,0,24.00,25.00,24.00,native fill; R0=6.00000 target=R7
2026.08.03 17:03:26.869,QA,MARGIN_POST_FILL,R8,PB-S,TREND_DOWN,Telemetry,,BO#17,0.00,0.00,0.00,0.00,0.00,60,false,0.00,false,0,24.00,25.00,24.00,lot=0.0100 account_margin=0.00 free_margin=10059.10 margin_level=0.00
2026.08.03 17:03:26.869,PORTFOLIO_RISK,PORTFOLIO_RISK_POST_FILL,R8,PB-S,TREND_DOWN,PostFill,,BO#17,0.00,0.00,0.00,0.00,0.00,0,false,0.00,false,0,24.00,25.00,24.00,mode=GROSS_DAILY pct=30.00 budget=3000.00 realized=25.35 open=15.08 pending=0.00 used=40.43 overflow=false
2026.08.03 17:09:56.174,PRIMARY_TRADE,POSITION_CLOSED,R8,R-B,TREND_DOWN,,,,0.00,4027.22,0.00,0.00,9.00,61,true,-9.00,false,2,24.00,25.00,24.00,position_net=-9.00 daily_net=-32.04 R0=9.00000 max_r_stage=0 stacked_pullback=false reversal_ordinal=2
2026.08.03 17:42:42.060,PRIMARY_TRADE,POSITION_CLOSED,R8,PB-S,TREND_UP,,,BO#17,0.00,4038.03,0.00,0.00,6.00,60,true,-6.11,false,0,24.00,25.00,24.00,position_net=-6.11 daily_net=-38.15 R0=6.00000 max_r_stage=0 stacked_pullback=false reversal_ordinal=0
2026.08.03 18:45:00.268,SIGNAL,BREAKOUT_SIGNAL,R8,BO-B,TREND_UP,Close,BO#18,,4037.08,0.00,0.00,0.00,0.00,0,false,0.00,false,0,24.00,25.00,24.00,ZONE_ENGAGED + buffered close + trend snapshot
2026.08.03 18:45:00.268,SIGNAL,PULLBACK_CYCLE_CREATED,R8,PB-B,TREND_UP,Stop,,BO#18,0.00,0.00,0.00,0.00,0.00,0,false,0.00,false,0,24.00,25.00,24.00,cycle created from independent valid breakout
2026.08.03 18:55:59.079,PORTFOLIO_RISK,PORTFOLIO_RISK_PRECHECK,R8,PB-B,TREND_UP,Stop,,BO#18,4036.00,0.00,4030.00,0.00,6.00,0,false,0.00,false,0,24.00,25.00,24.00,mode=GROSS_DAILY pct=30.00 budget=3000.00 realized=40.46 open=0.00 pending=0.00 used=40.46 remaining=2959.54 new=6.00 allowed=true
2026.08.03 18:55:59.079,QA,MARGIN_PRECHECK,R8,PB-B,TREND_UP,Telemetry,,BO#18,4036.00,0.00,0.00,0.00,0.00,0,false,0.00,false,0,24.00,25.00,24.00,lot=0.0100 required_new_margin=20.18 account_margin=0.00 free_margin=10048.51 margin_level=0.00
2026.08.03 18:55:59.079,SIGNAL,PENDING_PLACED,R8,PB-B,TREND_UP,Stop,,BO#18,4036.00,0.00,4030.00,4061.00,6.00,0,false,0.00,false,0,24.00,25.00,24.00,exact zone edge; native MT5 activation; R0=6.00000 target=R9
2026.08.03 18:55:59.119,PRIMARY_TRADE,ORDER_FILLED,R8,PB-B,TREND_UP,Stop,,BO#18,4036.00,4036.00,4030.00,4061.00,6.00,64,true,0.00,false,0,24.00,25.00,24.00,native fill; R0=6.00000 target=R9
2026.08.03 18:55:59.119,QA,MARGIN_POST_FILL,R8,PB-B,TREND_UP,Telemetry,,BO#18,0.00,0.00,0.00,0.00,0.00,64,false,0.00,false,0,24.00,25.00,24.00,lot=0.0100 account_margin=20.18 free_margin=10028.11 margin_level=49793.31
2026.08.03 18:55:59.119,PORTFOLIO_RISK,PORTFOLIO_RISK_POST_FILL,R8,PB-B,TREND_UP,PostFill,,BO#18,0.00,0.00,0.00,0.00,0.00,0,false,0.00,false,0,24.00,25.00,24.00,mode=GROSS_DAILY pct=30.00 budget=3000.00 realized=40.46 open=6.00 pending=0.00 used=46.46 overflow=false
2026.08.03 21:00:00.231,SIGNAL,BREAKOUT_SIGNAL,R8,BO-S,TREND_DOWN,Close,BO#19,,4030.72,0.00,0.00,0.00,0.00,0,false,0.00,false,0,24.00,25.00,24.00,ZONE_ENGAGED + buffered close + trend snapshot
2026.08.03 21:00:00.231,SIGNAL,PULLBACK_CYCLE_CREATED,R8,PB-S,TREND_DOWN,Stop,,BO#19,0.00,0.00,0.00,0.00,0.00,0,false,0.00,false,0,24.00,25.00,24.00,cycle created from independent valid breakout
2026.08.03 21:00:07.219,PRIMARY_TRADE,POSITION_CLOSED,R8,PB-B,TREND_DOWN,,,BO#18,0.00,4029.88,0.00,0.00,6.00,64,true,-6.12,false,0,24.00,25.00,24.00,position_net=-6.12 daily_net=-44.27 R0=6.00000 max_r_stage=0 stacked_pullback=false reversal_ordinal=0
2026.08.03 21:03:09.718,PORTFOLIO_RISK,PORTFOLIO_RISK_PRECHECK,R8,PB-S,TREND_DOWN,Stop,,BO#19,4032.00,0.00,4038.00,0.00,6.00,0,false,0.00,false,0,24.00,25.00,24.00,mode=GROSS_DAILY pct=30.00 budget=3000.00 realized=46.58 open=0.00 pending=0.00 used=46.58 remaining=2953.42 new=6.00 allowed=true
2026.08.03 21:03:09.718,QA,MARGIN_PRECHECK,R8,PB-S,TREND_DOWN,Telemetry,,BO#19,4032.00,0.00,0.00,0.00,0.00,0,false,0.00,false,0,24.00,25.00,24.00,lot=0.0100 required_new_margin=20.16 account_margin=0.00 free_margin=10042.39 margin_level=0.00
2026.08.03 21:03:09.718,SIGNAL,PENDING_PLACED,R8,PB-S,TREND_DOWN,Stop,,BO#19,4032.00,0.00,4038.00,4008.00,6.00,0,false,0.00,false,0,24.00,25.00,24.00,exact zone edge; native MT5 activation; R0=6.00000 target=R7
2026.08.03 21:03:11.330,PRIMARY_TRADE,ORDER_FILLED,R8,PB-S,TREND_DOWN,Stop,,BO#19,4032.00,4031.94,4038.00,4008.00,6.00,66,true,0.00,false,0,24.00,25.00,24.00,native fill; R0=6.00000 target=R7
2026.08.03 21:03:11.330,QA,MARGIN_POST_FILL,R8,PB-S,TREND_DOWN,Telemetry,,BO#19,0.00,0.00,0.00,0.00,0.00,66,false,0.00,false,0,24.00,25.00,24.00,lot=0.0100 account_margin=20.16 free_margin=10022.02 margin_level=49812.40
2026.08.03 21:03:11.330,PORTFOLIO_RISK,PORTFOLIO_RISK_POST_FILL,R8,PB-S,TREND_DOWN,PostFill,,BO#19,0.00,0.00,0.00,0.00,0.00,0,false,0.00,false,0,24.00,25.00,24.00,mode=GROSS_DAILY pct=30.00 budget=3000.00 realized=46.58 open=6.06 pending=0.00 used=52.64 overflow=false
2026.08.03 21:10:20.248,PRIMARY_TRADE,POSITION_CLOSED,R8,PB-S,TREND_DOWN,,,BO#19,0.00,4038.01,0.00,0.00,6.00,66,true,-6.07,false,0,24.00,25.00,24.00,position_net=-6.07 daily_net=-50.34 R0=6.00000 max_r_stage=0 stacked_pullback=false reversal_ordinal=0
2026.08.03 21:30:00.922,SIGNAL,BREAKOUT_SIGNAL,R8,BO-B,TREND_UP,Close,BO#20,,4037.51,0.00,0.00,0.00,0.00,0,false,0.00,false,0,24.00,25.00,24.00,ZONE_ENGAGED + buffered close + trend snapshot
2026.08.03 21:30:00.922,SIGNAL,PULLBACK_CYCLE_CREATED,R8,PB-B,TREND_UP,Stop,,BO#20,0.00,0.00,0.00,0.00,0.00,0,false,0.00,false,0,24.00,25.00,24.00,cycle created from independent valid breakout
2026.08.03 23:55:00.060,QA,SESSION_PRE_CLOSE_CUTOFF_ENTERED,,,TREND_UP,Telemetry,,,0.00,0.00,0.00,0.00,0.00,0,false,0.00,false,0,N/A,N/A,N/A,mode=ALL_FLAT broker_session_end=2026.08.04 00:00:00 cutoff=2026.08.03 23:55:00 minutes=5.00 window=2026.08.03 01:00:00->2026.08.04 00:00:00
