date,lower,upper,priority,enabled,note
2026.07.29,3958,3960,normal,true,
2026.07.29,3968,3971,normal,true,
2026.07.29,3989,3990,normal,true,
2026.07.29,4001,4002,normal,true,
2026.07.29,4004,4006,normal,true,
2026.07.29,4010,4011,normal,true,
2026.07.29,4032,4034,normal,true,
2026.07.29,4038,4040,normal,true,
2026.07.29,4063,4065,normal,true,
2026.07.29,4069,4070,normal,true,
2026.07.29,4086,4088,normal,true,
2026.07.29,4096,4099,normal,true,
2026.07.30,3968,3970,high,true,
2026.07.30,3988,3990,high,true,
2026.07.30,4001,4002,normal,true,
2026.07.30,4004,4005,normal,true,
2026.07.30,4009,4011,normal,true,
2026.07.30,4032,4035,high,true,
2026.07.30,4038,4040,normal,true,
2026.07.30,4063,4064,normal,true,
2026.07.30,4065,4066,normal,true,
2026.07.30,4068,4069,normal,true,
2026.07.30,4085,4087,normal,true,
2026.07.30,4096,4099,high,true,
2026.07.30,4114,4116,high,true,
2026.07.30,4116,4118,normal,true,
2026.07.30,4129,4130,normal,true,
2026.07.30,4132,4133,high,true,
2026.07.30,4137,4139,normal,true,
2026.07.30,4160,4163,normal,true,
2026.07.30,4166,4168,normal,true,
2026.07.30,4191,4192,normal,true,
2026.07.30,4193,4194,normal,true,
2026.07.30,4196,4197,normal,true,
2026.07.31,3906,3909,normal,true,
2026.07.31,3911,3913,normal,true,
2026.07.31,3936,3937,normal,true,
2026.07.31,3938,3939,normal,true,
2026.07.31,3941,3942,high,true,
2026.07.31,3941,3942,high,true,
2026.07.31,3957,3959,normal,true,
2026.07.31,3957,3959,normal,true,
2026.07.31,3968,3970,high,true,
2026.07.31,3968,3970,normal,true,
2026.07.31,3988,3988,normal,true,
2026.07.31,3988,3989,normal,true,
2026.07.31,4001,4002,normal,true,
2026.07.31,4001,4002,normal,true,
2026.07.31,4004,4005,high,true,
2026.07.31,4004,4005,normal,true,
2026.07.31,4009,4010,normal,true,
2026.07.31,4009,4010,normal,true,
2026.07.31,4032,4035,normal,true,
2026.07.31,4038,4039,normal,true,
2026.07.31,4063,4064,normal,true,
2026.07.31,4065,4066,normal,true,
2026.07.31,4068,4069,normal,true,
2026.07.31,4085,4086,high,true,
2026.07.31,4096,4099,normal,true,
2026.07.31,4116,4117,normal,true,
2026.07.31,4129,4130,normal,true,
2026.07.31,4133,4134,normal,true,
2026.07.31,4137,4138,normal,true,
2026.07.31,4161,4163,normal,true,
2026.07.31,4166,4167,high,true,
2026.07.31,4191,4192,normal,true,
2026.07.31,4193,4194,high,true,
2026.07.31,4197,4198,normal,true,
2026.07.31,4213,4214,normal,true,
2026.08.03,3934,3935,normal,true,
2026.08.03,3938,3940,normal,true,
2026.08.03,3955,3956,normal,true,
2026.08.03,3968,3971,high,true,
2026.08.03,3986,3987,normal,true,
2026.08.03,4000,4003,normal,true,
2026.08.03,4007,4008,normal,true,
2026.08.03,4032,4036,high,true,
2026.08.03,4061,4062,normal,true,
2026.08.03,4065,4067,normal,true,
2026.08.03,4082,4084,normal,true,
2026.08.03,4096,4099,normal,true,
2026.08.03,4114,4115,normal,true,
2026.08.03,4130,4131,normal,true,
2026.08.03,4135,4136,normal,true,
2026.08.03,4161,4164,normal,true,
2026.08.03,4189,4190,normal,true,
2026.08.03,4193,4195,high,true,
2026.08.03,4210,4212,normal,true,
2026.08.04,3906,3907,normal,true,
2026.08.04,3933,3935,normal,true,
2026.08.04,3954,3956,normal,true,
2026.08.04,3968,3970,normal,true,
2026.08.04,3986,3987,high,true,
2026.08.04,4006,4008,normal,true,
2026.08.04,4032,4033,normal,true,
2026.08.04,4060,4061,normal,true,
2026.08.04,4082,4083,normal,true,
2026.08.04,4096,4099,normal,true,
2026.08.04,4113,4115,normal,true,
2026.08.04,4134,4136,normal,true,
2026.08.04,4160,4161,normal,true,
2026.08.05,3953,3955,normal,true,
2026.08.05,3968,3971,normal,true,
2026.08.05,3984,3986,normal,true,
2026.08.05,4006,4007,normal,true,
2026.08.05,4034,4035,normal,true,
2026.08.05,4060,4061,normal,true,
2026.08.05,4081,4082,normal,true,
2026.08.05,4096,4099,normal,true,
2026.08.05,4112,4114,normal,true,
2026.08.05,4134,4135,normal,true,
2026.08.05,4162,4163,normal,true,
2026.08.05,4188,4189,normal,true,
2026.08.05,4209,4210,normal,true,
2026.08.05,4224,4227,high,true,
2026.08.05,4241,4242,normal,true,
2026.08.05,4263,4264,normal,true,
2026.08.05,4292,4293,normal,true,
2026.08.06,4005,4007,normal,true,
2026.08.06,4031,4035,normal,true,
2026.08.06,4059,4060,normal,true,
2026.08.06,4064,4066,normal,true,
2026.08.06,4080,4082,high,true,
2026.08.06,4096,4098,normal,true,
2026.08.06,4112,4113,high,true,
2026.08.06,4128,4130,normal,true,
2026.08.06,4133,4135,high,true,
2026.08.06,4159,4163,high,true,
2026.08.06,4187,4188,normal,true,
2026.08.06,4192,4194,normal,true,
2026.08.06,4208,4210,normal,true,
2026.08.06,4224,4227,high,true,
2026.08.06,4240,4242,normal,true,
2026.08.06,4257,4259,normal,true,
2026.08.06,4263,4264,normal,true,
2026.08.06,4289,4293,normal,true,
2026.08.06,4318,4319,normal,true,
2026.08.06,4323,4325,high,true,
2026.08.06,4340,4341,normal,true,
2026.08.06,4357,4359,normal,true,
2026.08.06,4372,4374,normal,true,
2026.08.06,4390,4392,normal,true,
2026.08.06,4395,4396,high,true,
2026.08.06,4421,4425,high,true,
2026.08.07,4096,4099,high,true,
2026.08.07,4111,4112,normal,true,
2026.08.07,4128,4130,normal,true,
2026.08.07,4133,4134,normal,true,
2026.08.07,4158,4162,normal,true,
2026.08.07,4187,4188,normal,true,
2026.08.07,4192,4194,normal,true,
2026.08.07,4208,4209,normal,true,
2026.08.07,4239,4241,high,true,
2026.08.07,4257,4259,high,true,
2026.08.07,4262,4263,normal,true,
2026.08.07,4288,4293,normal,true,
2026.08.07,4317,4319,normal,true,
2026.08.07,4323,4325,normal,true,
2026.08.07,4324,4327,normal,true,
2026.08.07,4339,4341,high,true,
2026.08.07,4356,4359,high,true,
2026.08.07,4371,4372,normal,true,
2026.08.07,4389,4390,normal,true,
2026.08.07,4394,4395,normal,true,
2026.08.07,4421,4424,normal,true,
2026.08.10,4239,4240,normal,true,
2026.08.10,4256,4257,normal,true,
2026.08.10,4258,4259,normal,true,
2026.08.10,4261,4262,normal,true,
2026.08.10,4287,4289,normal,true,
2026.08.10,4291,4293,high,true,
2026.08.10,4317,4318,high,true,
2026.08.10,4322,4323,normal,true,
2026.08.10,4324,4325,normal,true,
2026.08.10,4338,4340,normal,true,
2026.08.10,4357,4359,normal,true,
2026.08.10,4371,4372,high,true,
2026.08.10,4388,4389,normal,true,
2026.08.10,4391,4392,normal,true,
2026.08.10,4394,4395,normal,true,
2026.08.10,4420,4421,normal,true,
2026.08.10,4423,4426,normal,true,
2026.08.11,4284,4286,high,true,
2026.08.11,4290,4293,normal,true,
2026.08.11,4315,4316,normal,true,
2026.08.11,4320,4322,high,true,
2026.08.11,4324,4325,normal,true,
2026.08.11,4336,4338,normal,true,
2026.08.11,4356,4359,high,true,
2026.08.11,4368,4370,normal,true,
2026.08.11,4386,4388,normal,true,
2026.08.11,4390,4391,normal,true,
2026.08.11,4392,4393,high,true,
2026.08.11,4417,4418,normal,true,
2026.08.11,4422,4425,normal,true,
2026.08.11,4447,4448,normal,true,
2026.08.11,4452,4454,normal,true,
2026.08.11,4456,4457,normal,true,
2026.08.11,4468,4470,normal,true,
2026.08.11,4489,4491,normal,true,
2026.08.11,4501,4502,normal,true,
2026.08.11,4519,4520,normal,true,
2026.08.12,4258,4260,normal,true,
2026.08.12,4267,4269,normal,true,
2026.08.12,4283,4285,normal,true,
2026.08.12,4290,4294,normal,true,
2026.08.12,4314,4316,normal,true,
2026.08.12,4320,4321,normal,true,
2026.08.12,4323,4324,normal,true,
2026.08.12,4336,4337,normal,true,
2026.08.12,4356,4360,normal,true,
2026.08.12,4386,4387,normal,true,
2026.08.12,4390,4392,normal,true,
2026.08.12,4415,4417,normal,true,
2026.08.12,4422,4425,normal,true,
2026.08.12,4446,4448,normal,true,
2026.08.12,4452,4453,normal,true,
2026.08.12,4456,4457,normal,true,
2026.08.12,4468,4469,normal,true,
2026.08.12,4488,4491,normal,true,
2026.08.13,4290,4293,normal,true,
2026.08.13,4314,4315,normal,true,
2026.08.13,4319,4320,normal,true,
2026.08.13,4324,4325,normal,true,
2026.08.13,4335,4337,normal,true,
2026.08.13,4356,4359,normal,true,
2026.08.13,4365,4368,normal,true,
2026.08.13,4385,4386,normal,true,
2026.08.13,4390,4392,normal,true,
2026.08.13,4415,4416,high,true,
2026.08.13,4422,4425,high,true,
2026.08.13,4446,4447,normal,true,
2026.08.13,4451,4452,high,true,
2026.08.13,4456,4457,normal,true,
2026.08.13,4467,4469,normal,true,
2026.08.13,4487,4491,normal,true,
2026.08.13,4499,4500,normal,true,
2026.08.14,4224,4226,normal,true,
2026.08.14,4234,4235,normal,true,
2026.08.14,4253,4254,normal,true,
2026.08.14,4282,4283,normal,true,
2026.08.14,4290,4293,normal,true,
2026.08.14,4313,4314,normal,true,
2026.08.14,4319,4320,normal,true,
2026.08.14,4324,4325,normal,true,
2026.08.14,4335,4336,normal,true,
2026.08.14,4356,4359,normal,true,
2026.08.14,4366,4367,normal,true,
2026.08.14,4385,4386,normal,true,
2026.08.14,4414,4415,normal,true,
2026.08.14,4421,4425,normal,true,
2026.08.14,4445,4446,normal,true,
2026.08.14,4451,4452,normal,true,
2026.08.14,4456,4457,normal,true,
2026.08.14,4467,4468,high,true,
2026.08.17,4250,4252,normal,true,
2026.08.17,4256,4260,normal,true,
2026.08.17,4279,4281,high,true,
2026.08.17,4310,4313,normal,true,
2026.08.17,4317,4318,normal,true,
2026.08.17,4324,4325,high,true,
2026.08.17,4333,4334,high,true,
2026.08.17,4356,4359,normal,true,
2026.08.17,4363,4365,normal,true,
2026.08.17,4383,4384,normal,true,
2026.08.17,4388,4389,normal,true,
2026.08.17,4390,4391,normal,true,
2026.08.17,4411,4413,normal,true,
2026.08.17,4422,4425,high,true,
2026.08.17,4443,4445,normal,true,
2026.08.17,4449,4450,normal,true,
2026.08.18,4311,4312,normal,true,
2026.08.18,4316,4318,normal,true,
2026.08.18,4324,4325,normal,true,
2026.08.18,4332,4333,normal,true,
2026.08.18,4356,4359,high,true,
2026.08.18,4362,4364,normal,true,
2026.08.18,4382,4383,normal,true,
2026.08.18,4388,4389,normal,true,
2026.08.18,4390,4391,normal,true,
2026.08.18,4409,4412,normal,true,
2026.08.18,4422,4425,normal,true,
2026.08.18,4443,4444,normal,true,
2026.08.18,4448,4450,high,true,
2026.08.18,4456,4457,normal,true,
2026.08.18,4464,4465,normal,true,
2026.08.19,4193,4194,normal,true,
2026.08.19,4200,4202,normal,true,
2026.08.19,4224,4227,normal,true,
2026.08.19,4229,4231,high,true,
2026.08.19,4251,4252,normal,true,
2026.08.19,4255,4256,normal,true,
2026.08.19,4258,4259,normal,true,
2026.08.19,4278,4279,normal,true,
2026.08.19,4290,4293,normal,true,
2026.08.19,4310,4311,normal,true,
2026.08.19,4316,4317,normal,true,
2026.08.19,4323,4325,normal,true,
2026.08.19,4332,4333,normal,true,
2026.08.19,4357,4359,high,true,
2026.08.19,4362,4363,normal,true,
2026.08.19,4382,4383,normal,true,
2026.08.19,4387,4388,normal,true,
2026.08.19,4390,4391,normal,true,
2026.08.19,4410,4411,high,true,
2026.08.19,4423,4425,normal,true,
2026.08.19,4442,4443,normal,true,
2026.08.19,4449,4450,normal,true,
2026.08.20,4409,4410,normal,true,
2026.08.20,4422,4425,normal,true,
2026.08.20,4441,4443,normal,true,
2026.08.20,4447,4448,normal,true,
2026.08.20,4456,4457,normal,true,
2026.08.20,4463,4464,normal,true,
2026.08.20,4489,4491,normal,true,
2026.08.20,4492,4494,high,true,
2026.08.20,4515,4516,normal,true,
2026.08.20,4523,4524,normal,true,
2026.08.20,4543,4544,normal,true,
2026.08.20,4557,4559,normal,true,
2026.08.20,4576,4577,normal,true,
2026.08.20,4582,4583,normal,true,
2026.08.20,4591,4593,normal,true,
2026.08.20,4598,4599,normal,true,
2026.08.20,4626,4627,normal,true,
2026.08.20,4629,4630,normal,true,
2026.08.21,4380,4382,normal,true,
2026.08.21,4386,4387,normal,true,
2026.08.21,4390,4391,normal,true,
2026.08.21,4408,4410,normal,true,
2026.08.21,4422,4425,normal,true,
2026.08.21,4440,4443,normal,true,
2026.08.21,4446,4448,normal,true,
2026.08.21,4456,4457,normal,true,
2026.08.21,4462,4464,normal,true,
2026.08.21,4488,4493,normal,true,
2026.08.21,4513,4514,normal,true,
2026.08.21,4519,4520,normal,true,
2026.08.21,4523,4524,normal,true,
2026.08.21,4542,4543,normal,true,
2026.08.21,4557,4559,normal,true,
2026.08.21,4575,4576,normal,true,
2026.08.21,4581,4582,normal,true,
2026.08.21,4591,4592,normal,true,
2026.08.21,4598,4599,normal,true,
2026.08.21,4622,4628,normal,true,
2026.08.21,4649,4650,normal,true,
2026.08.21,4655,4657,normal,true,
2026.08.24,4490,4491,normal,true,
2026.08.24,4511,4513,normal,true,
2026.08.24,4517,4518,normal,true,
2026.08.24,4523,4524,normal,true,
2026.08.24,4539,4541,normal,true,
2026.08.24,4556,4559,normal,true,
2026.08.24,4573,4574,high,true,
2026.08.24,4579,4581,normal,true,
2026.08.24,4591,4592,high,true,
2026.08.24,4596,4597,normal,true,
2026.08.24,4625,4627,normal,true,
2026.08.24,4647,4649,normal,true,
2026.08.24,4653,4654,normal,true,
2026.08.24,4659,4660,normal,true,
2026.08.24,4676,4677,normal,true,
2026.08.24,4693,4695,normal,true,
2026.08.24,4709,4710,normal,true,
2026.08.24,4715,4717,normal,true,
2026.08.24,4728,4729,normal,true,
2026.08.24,4732,4733,normal,true,
2026.08.24,4761,4763,high,true,
2026.08.25,4511,4512,normal,true,
2026.08.25,4516,4518,normal,true,
2026.08.25,4523,4524,normal,true,
2026.08.25,4539,4540,normal,true,
2026.08.25,4556,4559,normal,true,
2026.08.25,4572,4574,normal,true,
2026.08.25,4579,4580,normal,true,
2026.08.25,4591,4592,normal,true,
2026.08.25,4595,4596,normal,true,
2026.08.25,4622,4627,normal,true,
2026.08.25,4647,4648,normal,true,
2026.08.25,4652,4654,normal,true,
2026.08.25,4659,4660,normal,true,
2026.08.25,4675,4676,normal,true,
2026.08.25,4692,4695,normal,true,
2026.08.25,4708,4710,normal,true,
2026.08.25,4715,4716,normal,true,
2026.08.25,4727,4728,normal,true,
2026.08.26,4523,4524,normal,true,
2026.08.26,4539,4540,normal,true,
2026.08.26,4556,4559,normal,true,
2026.08.26,4571,4573,normal,true,
2026.08.26,4578,4579,high,true,
2026.08.26,4591,4592,normal,true,
2026.08.26,4595,4596,normal,true,
2026.08.26,4622,4623,normal,true,
2026.08.26,4624,4627,normal,true,
2026.08.26,4646,4647,normal,true,
2026.08.26,4652,4653,normal,true,
2026.08.26,4659,4660,high,true,
2026.08.26,4674,4675,normal,true,
2026.08.26,4692,4695,normal,true,
2026.08.26,4707,4708,normal,true,
2026.08.26,4714,4715,normal,true,
2026.08.26,4727,4728,normal,true,
2026.08.26,4731,4732,high,true,
2026.08.26,4758,4759,high,true,
2026.08.26,4760,4763,normal,true,
2026.08.27,4484,4486,normal,true,
2026.08.27,4489,4491,normal,true,
2026.08.27,4510,4511,normal,true,
2026.08.27,4515,4516,normal,true,
2026.08.27,4523,4524,normal,true,
2026.08.27,4537,4539,normal,true,
2026.08.27,4556,4559,normal,true,
2026.08.27,4570,4572,normal,true,
2026.08.27,4577,4579,normal,true,
2026.08.27,4594,4595,normal,true,
2026.08.27,4621,4623,normal,true,
2026.08.27,4624,4627,normal,true,
2026.08.27,4645,4647,normal,true,
2026.08.27,4651,4652,normal,true,
2026.08.27,4659,4660,normal,true,
2026.08.27,4674,4675,normal,true,
2026.08.27,4692,4695,normal,true,
2026.08.27,4706,4708,normal,true,
2026.08.28,4483,4485,normal,true,
2026.08.28,4489,4491,normal,true,
2026.08.28,4509,4510,normal,true,
2026.08.28,4515,4516,normal,true,
2026.08.28,4523,4524,normal,true,
2026.08.28,4537,4538,normal,true,
2026.08.28,4556,4559,normal,true,
2026.08.28,4570,4571,normal,true,
2026.08.28,4576,4578,normal,true,
2026.08.28,4591,4592,normal,true,
2026.08.28,4594,4595,normal,true,
2026.08.28,4619,4621,normal,true,
2026.08.28,4624,4627,normal,true,
2026.08.28,4645,4647,normal,true,
2026.08.28,4651,4652,normal,true,
2026.08.28,4659,4660,normal,true,
2026.08.28,4673,4674,normal,true,
2026.08.28,4693,4695,normal,true,
2026.08.28,4706,4707,normal,true,
