Datetime,Open,High,Low,Close,Entry,Exit,OnTick_Handled,Portfolio_Value,Returns
2026-09-16 00:00:00+00:00,2350.0,2350.83,2349.04,2349.71,True,True,False,200.0,0.0
2026-09-16 00:15:00+00:00,2349.71,2350.02,2347.14,2349.36,False,True,False,200.0,0.0
2026-09-16 00:30:00+00:00,2349.36,2351.24,2348.7,2351.15,False,True,False,200.0,0.0
2026-09-16 00:45:00+00:00,2351.15,2354.04,2349.47,2352.24,False,True,False,200.0,0.0
2026-09-16 01:00:00+00:00,2352.24,2352.9,2349.0,2350.76,False,True,False,200.0,0.0
2026-09-16 01:15:00+00:00,2350.76,2353.37,2346.45,2348.73,False,True,False,200.0,0.0
2026-09-16 01:30:00+00:00,2348.73,2349.2,2345.27,2348.15,False,True,False,200.0,0.0
2026-09-16 01:45:00+00:00,2348.15,2348.46,2345.28,2346.42,False,True,False,200.0,0.0
2026-09-16 02:00:00+00:00,2346.42,2350.41,2344.23,2347.98,False,True,False,200.0,0.0
2026-09-16 02:15:00+00:00,2347.98,2348.35,2342.99,2345.75,False,True,False,200.0,0.0
2026-09-16 02:30:00+00:00,2345.75,2345.75,2345.75,2345.75,False,True,False,200.0,0.0
2026-09-16 02:45:00+00:00,2345.75,2347.61,2339.6,2342.19,False,True,False,200.0,0.0
2026-09-16 03:00:00+00:00,2342.19,2342.77,2340.77,2340.98,False,True,False,200.0,0.0
2026-09-16 03:15:00+00:00,2340.98,2341.45,2340.28,2341.21,False,True,False,200.0,0.0
2026-09-16 03:30:00+00:00,2341.21,2343.99,2339.85,2342.85,False,True,False,200.0,0.0
2026-09-16 03:45:00+00:00,2342.85,2343.48,2340.78,2341.58,False,True,False,200.0,0.0
2026-09-16 04:00:00+00:00,2341.58,2344.97,2339.75,2343.02,False,True,False,200.0,0.0
2026-09-16 04:15:00+00:00,2343.02,2344.41,2340.75,2341.56,False,True,False,200.0,0.0
2026-09-16 04:30:00+00:00,2341.56,2343.62,2340.58,2341.24,False,True,False,200.0,0.0
2026-09-16 04:45:00+00:00,2341.24,2343.83,2341.14,2343.15,False,True,False,200.0,0.0
2026-09-16 05:00:00+00:00,2343.05,2343.05,2343.05,2343.05,False,True,False,200.0,0.0
2026-09-16 05:15:00+00:00,2343.05,2343.68,2337.34,2340.16,False,True,False,200.0,0.0
2026-09-16 05:30:00+00:00,2340.16,2341.66,2337.23,2339.88,False,True,False,200.0,0.0
2026-09-16 05:45:00+00:00,2339.88,2341.26,2337.73,2338.53,False,True,False,200.0,0.0
2026-09-16 06:00:00+00:00,2338.53,2340.77,2337.17,2338.45,False,True,False,200.0,0.0
2026-09-16 06:15:00+00:00,2338.45,2339.65,2335.3,2335.96,False,True,False,200.0,0.0
2026-09-16 06:30:00+00:00,2335.96,2336.1,2334.76,2335.09,False,True,False,200.0,0.0
2026-09-16 06:45:00+00:00,2335.09,2335.57,2333.0,2335.04,False,True,False,200.0,0.0
2026-09-16 07:00:00+00:00,2335.04,2339.84,2333.45,2336.85,False,True,False,200.0,0.0
2026-09-16 07:15:00+00:00,2336.85,2340.19,2336.82,2337.61,False,True,False,200.0,0.0
2026-09-16 07:30:00+00:00,2337.61,2342.99,2335.3,2340.74,False,True,False,200.0,0.0
2026-09-16 07:45:00+00:00,2340.74,2343.82,2339.44,2343.48,False,True,False,200.0,0.0
2026-09-16 08:00:00+00:00,2343.48,2348.84,2340.56,2346.68,False,True,False,200.0,0.0
2026-09-16 08:15:00+00:00,2346.68,2347.28,2343.94,2346.75,False,True,False,200.0,0.0
2026-09-16 08:30:00+00:00,2346.75,2348.27,2343.44,2344.04,False,True,False,200.0,0.0
2026-09-16 08:45:00+00:00,2344.04,2362.74,2342.48,2361.67,False,True,False,200.0,0.0
2026-09-16 09:00:00+00:00,2361.67,2364.42,2357.15,2358.94,False,True,False,200.0,0.0
2026-09-16 09:15:00+00:00,2358.94,2366.14,2356.45,2363.51,False,True,False,200.0,0.0
2026-09-16 09:30:00+00:00,2363.51,2364.79,2362.79,2364.07,False,True,False,200.0,0.0
2026-09-16 09:45:00+00:00,2364.07,2366.33,2363.86,2364.87,False,True,False,200.0,0.0
2026-09-16 10:00:00+00:00,2364.87,2366.47,2364.22,2364.59,False,True,False,200.0,0.0
2026-09-16 10:15:00+00:00,2364.59,2365.39,2359.48,2362.09,False,True,False,200.0,0.0
2026-09-16 10:30:00+00:00,2362.09,2365.37,2359.3,2362.48,False,True,False,200.0,0.0
2026-09-16 10:45:00+00:00,2362.48,2363.42,2359.33,2362.31,False,True,False,200.0,0.0
2026-09-16 11:00:00+00:00,2362.31,2363.43,2358.28,2360.98,False,True,False,200.0,0.0
2026-09-16 11:15:00+00:00,2360.98,2363.03,2359.22,2362.01,False,True,False,200.0,0.0
2026-09-16 11:30:00+00:00,2362.01,2364.76,2361.99,2362.99,False,True,False,200.0,0.0
2026-09-16 11:45:00+00:00,2362.99,2365.71,2359.43,2362.01,False,True,False,200.0,0.0
2026-09-16 12:00:00+00:00,2362.01,2363.55,2360.12,2360.95,False,True,False,200.0,0.0
2026-09-16 12:15:00+00:00,2360.95,2363.99,2359.24,2361.19,False,True,False,200.0,0.0
