MT5-Name,Py-Difference,MT5 Used as Input,MT5 Modifies the Value,Py Used as Input,Py Modifies the Value
g_time_basis_probe_count,time_basis_probe_count,"XAUUSD_MVP.mq5:1405,1411",XAUUSD_MVP.mq5:1414,on_tick.py:25,on_tick.py:26
g_execution_projections,execution_projections,NA,NA,NA,NA
g_execution_bindings,execution_bindings,NA,NA,NA,NA
EXECUTION_BINDINGS_FILE,execution_bindings_file,NA,NA,global_state_variable.py:19,NA
ORDER_AUDIT_FILE,order_audit_file,NA,NA,global_state_variable.py:20,NA
g_market_state,market_state,NA,NA,"event_loop.py:102,110,116,177,183,189,190,207,222,226","event_loop.py:102,110,116"
g_current_bar_time,current_bar_time,"XAUUSD_MVP.mq5:866,869,873,1251,1269,1273,1286",XAUUSD_MVP.mq5:650,"event_loop.py:183,207","event_loop.py:125,207"
g_event_loop_ready,event_loop_ready,XAUUSD_MVP.mq5:1254,"XAUUSD_MVP.mq5:651,1269",event_loop.py:170,"event_loop.py:126,178"
g_event_loop_failure_reported,event_loop_failure_reported,"XAUUSD_MVP.mq5:1421,1441",XAUUSD_MVP.mq5:1424,"on_tick.py:33,45","on_tick.py:34,46"
g_breakout_candidate_count,breakout_candidate_count,"XAUUSD_MVP.mq5:1289,1436",XAUUSD_MVP.mq5:1289,event_loop.py:208,event_loop.py:208
g_reversal_candidate_count,reversal_candidate_count,"XAUUSD_MVP.mq5:1326,1437",XAUUSD_MVP.mq5:1326,NA,event_loop.py:232
g_pullback_candidate_count,pullback_candidate_count,"XAUUSD_MVP.mq5:1328,1437",XAUUSD_MVP.mq5:1328,NA,event_loop.py:234
g_tester_attempt_count,tester_attempt_count,"XAUUSD_MVP.mq5:1197,1438",XAUUSD_MVP.mq5:1197,on_deinit.py:34,NA
g_tester_accept_count,tester_accept_count,"XAUUSD_MVP.mq5:1230,1438",XAUUSD_MVP.mq5:1230,on_deinit.py:35,NA
g_tester_reject_count,tester_reject_count,"XAUUSD_MVP.mq5:1204,1438",XAUUSD_MVP.mq5:1204,on_deinit.py:36,NA
g_request_sequence,request_sequence,XAUUSD_MVP.mq5:1176,XAUUSD_MVP.mq5:1176,NA,NA
g_event_sequence,event_sequence,XAUUSD_MVP.mq5:1178,XAUUSD_MVP.mq5:1178,NA,NA
g_daily_loss_locked,daily_loss_locked,"XAUUSD_MVP.mq5:1142,1163","XAUUSD_MVP.mq5:652,1141",event_loop.py:127,event_loop.py:127
g_operational_lock,operational_lock,"XAUUSD_MVP.mq5:811,851,890","XAUUSD_MVP.mq5:653,851",NA,event_loop.py:128
g_session_cancel_count,session_cancel_count,"XAUUSD_MVP.mq5:849,1439",XAUUSD_MVP.mq5:849,on_deinit.py:37,NA
g_session_close_count,session_close_count,"XAUUSD_MVP.mq5:850,1439",XAUUSD_MVP.mq5:850,on_deinit.py:38,NA
g_session_zero_exposure,session_zero_exposure,"XAUUSD_MVP.mq5:852,1440","XAUUSD_MVP.mq5:654,852",event_loop.py:129,event_loop.py:129
g_restart_lock,restart_lock,"XAUUSD_MVP.mq5:817,819,853","XAUUSD_MVP.mq5:655,853",event_loop.py:130,event_loop.py:130
g_max_open_positions,max_open_positions,"XAUUSD_MVP.mq5:1139,1451",XAUUSD_MVP.mq5:1140,NA,NA
g_gate_rejections,gate_rejections,"XAUUSD_MVP.mq5:1171,1172,1173,1452,1453,1454,1455,1456,1457,1458",XAUUSD_MVP.mq5:1172,NA,NA
g_final_net_realized,final_net_realized,XAUUSD_MVP.mq5:1451,XAUUSD_MVP.mq5:842,on_deinit.py:31,NA
g_final_gross_loss,final_gross_loss,XAUUSD_MVP.mq5:1451,XAUUSD_MVP.mq5:843,on_deinit.py:32,NA
g_invalid_price_rejections,invalid_price_rejections,"XAUUSD_MVP.mq5:1208,1458",XAUUSD_MVP.mq5:1208,on_deinit.py:33,NA
g_other_broker_rejections,other_broker_rejections,"XAUUSD_MVP.mq5:1210,1459",XAUUSD_MVP.mq5:1210,on_deinit.py:33,NA
g_protection_modifies,protection_modifies,"XAUUSD_MVP.mq5:1114,1459",XAUUSD_MVP.mq5:1114,NA,NA
g_protection_modify_rejects,protection_modify_rejects,"XAUUSD_MVP.mq5:1116,1460",XAUUSD_MVP.mq5:1116,NA,NA
g_sl_loosen_violations,sl_loosen_violations,"XAUUSD_MVP.mq5:1100,1460",XAUUSD_MVP.mq5:1100,NA,NA
g_tp_extensions,tp_extensions,"XAUUSD_MVP.mq5:976,1463",XAUUSD_MVP.mq5:976,NA,NA
g_tp_restores,tp_restores,"XAUUSD_MVP.mq5:999,1463",XAUUSD_MVP.mq5:999,NA,NA
g_tp_market_closes,tp_market_closes,"XAUUSD_MVP.mq5:1013,1463",XAUUSD_MVP.mq5:1013,NA,NA
g_tp_modify_rejects,tp_modify_rejects,"XAUUSD_MVP.mq5:978,1001,1464",XAUUSD_MVP.mq5:978,NA,NA
g_tp_close_rejects,tp_close_rejects,"XAUUSD_MVP.mq5:1010,1464",XAUUSD_MVP.mq5:1010,NA,NA
g_breakout_conflict_closes,breakout_conflict_closes,"XAUUSD_MVP.mq5:1053,1466",XAUUSD_MVP.mq5:1053,NA,NA
g_symbol_spec_emitted,symbol_spec_emitted,"XAUUSD_MVP.mq5:89,117",XAUUSD_MVP.mq5:117,NA,NA
g_attribution_attempts,attribution_attempts,"XAUUSD_MVP.mq5:1201,1470,1471,1472,1473,1474,1475",XAUUSD_MVP.mq5:1201,NA,NA
g_attribution_accepts,attribution_accepts,"XAUUSD_MVP.mq5:1231,1470,1471,1472,1473,1474,1475",XAUUSD_MVP.mq5:1231,NA,NA
g_attribution_rejects,attribution_rejects,"XAUUSD_MVP.mq5:1205,1470,1471,1472,1473,1474,1475",XAUUSD_MVP.mq5:1205,NA,NA
g_runtime_requests,runtime_requests,"XAUUSD_MVP.mq5:719,720,721,794,795,906,907,908,932,933,934","XAUUSD_MVP.mq5:663,664,666,667,668,669,671",event_loop.py:141,event_loop.py:141
XauMarketCoordinator.broker_day,broker_day,"XauCoordinator.mqh:854,855,857","XauCoordinator.mqh:612,621",event_loop.py:177,coordinator.py:86
XauMarketCoordinator.bar_id,bar_id,"XauCoordinator.mqh:220,231,257","XauCoordinator.mqh:646,120",coordinator.py:232,coordinator.py:87
XauMarketCoordinator.day_active,day_active,XauCoordinator.mqh:212,XauCoordinator.mqh:88,coordinator.py:212,coordinator.py:88
XauMarketCoordinator.bar_active,bar_active,"XauCoordinator.mqh:106,132","XauCoordinator.mqh:89,109,121",coordinator.py:135,"coordinator.py:109,121"
XauMarketCoordinator.bar_open,bar_open,XauCoordinator.mqh:142,"XauCoordinator.mqh:91,122",coordinator.py:142,coordinator.py:122
XauMarketCoordinator.last_bid,last_bid,"XauCoordinator.mqh:138,140","XauCoordinator.mqh:92,123","coordinator.py:138,140","coordinator.py:123,198"
XauMarketCoordinator.last_ask,last_ask,NA,"XauCoordinator.mqh:93,124",coordinator.py:199,"coordinator.py:124,199"
XauMarketCoordinator.breakout_sequence,breakout_sequence,XauCoordinator.mqh:226,"XauCoordinator.mqh:93,197",coordinator.py:226,"coordinator.py:93,226"
XauMarketCoordinator.trend,trend,XauCoordinator.mqh:223,XauCoordinator.mqh:98,coordinator.py:223,coordinator.py:98
XauMarketCoordinator.zones,zones,"XauCoordinator.mqh:144,175,176","XauCoordinator.mqh:94,95","event_loop.py:177,183,189,207,221,222,226","coordinator.py:94,119,120"
XauMarketCoordinator.pullbacks,pullbacks,"XauCoordinator.mqh:174,175,177,196,199","XauCoordinator.mqh:95,96,112,174,175,196,199","coordinator.py:174,181,244,249","coordinator.py:95,112,247,249"
XauMarketCoordinator.reversal_keys,reversal_keys,XauCoordinator.mqh:158,"XauCoordinator.mqh:96,158",coordinator.py:158,coordinator.py:97
XauMarketCoordinator.attempted_bars,attempted_bars,"XauCoordinator.mqh:158,162,163,197,198,201","XauCoordinator.mqh:97,162,163,197,198,199,201",coordinator.py:251,coordinator.py:97
XauTrendReferenceState.trend,trend,"XauState.mqh:223,226,227,357,367,321","XauState.mqh:315,306","coordinator.py:149,223",state.py:315
XauTrendReferenceState.count,count,"XauState.mqh:329,325,340,356,367,361","XauState.mqh:292,295,298,299,329",state.py:307,"state.py:293,295,296,298,299"
XauTrendReferenceState.highs,highs,"XauState.mqh:327,332,333,334,346","XauState.mqh:293,298,317,318,327,332,333,346",state.py:307,"state.py:293,294,307,317,318,327,332,333,346"
XauTrendReferenceState.lows,lows,"XauState.mqh:328,333,334,335,347","XauState.mqh:294,299,317,318,328,333,334,347",state.py:308,"state.py:294,295,308,317,318,328,333,334,347"
XauDailyZoneSignalState.zone,zone,"XauState.mqh:12,248,249,250,252,253,256,258,259,260,270","XauState.mqh:221,227","state.py:222,245,248,249,250,252,253,256,258,259,260,270",state.py:222
XauDailyZoneSignalState.buy_engaged,buy_engaged,XauState.mqh:222,"XauState.mqh:249,252,256,270",coordinator.py:222,"state.py:236,252,256,257"
XauDailyZoneSignalState.sell_engaged,sell_engaged,XauState.mqh:222,"XauState.mqh:250,253,269,271",coordinator.py:222,"state.py:237,253,258,259"
XauDailyZoneSignalState.reversal_usage,reversal_usage,XauState.mqh:272,"XauState.mqh:273,293,295",NA,state.py:273
XauDailyZoneSignalState.pullback_fills,pullback_fills,"XauState.mqh:165,203,204",XauState.mqh:206,coordinator.py:181,state.py:203
XauPullbackWindowState.parent_breakout_id,parent_breakout_id,"XauState.mqh:169,187,174","XauState.mqh:143,174,187,198",coordinator.py:187,state.py:132
XauPullbackWindowState.zone,zone,"XauState.mqh:145,164,165,166,174,178,179,188,199,200,201,202,203,204","XauState.mqh:133,145,174,188,199,200","coordinator.py:175,189",state.py:133
XauPullbackWindowState.direction,direction,"XauState.mqh:144,179,181,182","XauState.mqh:134,179,181,182",coordinator.py:191,state.py:134
XauPullbackWindowState.bar_offset,bar_offset,"XauState.mqh:148,149,160,163,160","XauState.mqh:135,148,149,151,152,160","state.py:149,163","state.py:135,148"
XauPullbackWindowState.active,active,"XauState.mqh:145,157,158,159,161,162,164,165,166,169,176,177,191,195,199,200","XauState.mqh:136,148,152,165,199,204,211,214","state.py:145,161,162,163,164,169,176,177,191,207","state.py:136,148,149,152,204,211,214"
XauPullbackWindowState.penetration_latched,penetration_latched,"XauState.mqh:176,177,178,180","XauState.mqh:148,149,170,176,180,182,205,209","state.py:176,177","state.py:137,170,176,205"
XauPullbackWindowState.pending_active,pending_active,"XauState.mqh:164,191,195,199,200","XauState.mqh:149,151,152,164,199,204,205,211,214","state.py:164,191,195,200","state.py:138,149,151,152,191,204,205,211,214"
XauPullbackWindowState.sequence,sequence,"XauState.mqh:179,187","XauState.mqh:139,179","state.py:179,180","state.py:139,179"
