server_time,zone_id,signal,requested_price,fill_price,sl,tp,r0,position_ticket
2026.07.29 04:04:39.132,R6,R-B,4011.02,4011.02,4006.0,4032.0,5.02,2
2026.07.29 05:22:30.803,R7,R-S,4032.19,4032.19,4038.0,4011.0,5.81,4
2026.07.29 08:44:48.472,R8,R-S,4038.01,4038.01,4044.01,4011.0,6.0,6
2026.07.29 08:49:57.841,R7,PB-B,4034.0,4034.02,4028.0,4063.0,6.0,7
2026.07.29 14:18:49.623,R7,PB-S,4032.0,4031.88,4038.0,4011.0,6.0,10
2026.07.29 14:54:50.232,R7,PB-S,4032.0,4031.96,4038.0,4011.0,6.0,11
2026.07.29 16:56:41.352,R5,R-B,4006.23,4006.23,4002.0,4032.0,4.23,14
2026.07.29 17:03:29.622,R4,R-B,4002.27,4002.27,3996.27,4010.0,6.0,16
2026.07.29 17:15:44.530,R4,PB-S,4001.0,4000.92,4004.0,3990.0,3.0,18
2026.07.29 17:27:13.276,R5,PB-S,4004.0,4003.98,4010.0,3990.0,6.0,20
2026.07.29 17:56:05.170,R5,PB-S,4004.0,4003.95,4010.0,3990.0,6.0,21
2026.07.29 20:29:00.669,R8,PB-B,4040.0,4040.04,4034.0,4063.0,6.0,24
2026.07.29 21:00:02.513,R9,R-S,4064.14,4064.14,4069.0,4040.0,4.86,26
2026.07.29 21:00:03.955,R10,R-S,4069.56,4069.56,4075.56,4040.0,6.0,28
2026.07.29 21:20:43.336,R10,PB-B,4070.0,4070.02,4065.0,4086.0,5.0,30
2026.07.29 21:27:10.801,R9,PB-B,4065.0,4065.02,4059.0,4086.0,6.0,32
2026.07.29 21:44:32.577,R11,R-S,4086.03,4086.03,4092.03,4070.0,6.0,34
2026.07.29 22:21:31.207,R11,PB-B,4088.0,4088.18,4082.0,4096.0,6.0,36
2026.07.29 22:33:51.361,R10,PB-B,4070.0,4070.06,4065.0,4086.0,5.0,38
2026.07.29 22:51:33.354,R9,PB-B,4065.0,4065.01,4059.0,4086.0,6.0,40
2026.07.30 01:00:21.308,R10,R-B,4070.27,4070.27,4066.0,4085.0,4.27,42
2026.07.30 02:54:22.705,R11,PB-B,4087.0,4087.04,4081.0,4096.0,6.0,50
2026.07.30 08:46:15.011,R6,R-B,4035.3,4035.3,4026.3,4063.0,9.0,59
2026.07.30 10:36:41.955,R7,PB-B,4040.0,4040.01,4035.0,4063.0,5.0,67
2026.07.30 16:47:33.492,R12,R-S,4096.14,4096.14,4105.14,4087.0,9.0,76
2026.07.30 17:53:37.703,R12,PB-B,4099.0,4099.03,4093.0,4114.0,6.0,84
2026.07.30 19:34:07.415,R13&R14,R-S,4114.11,4114.11,4123.11,4099.0,9.0,90
2026.07.31 04:45:11.849,R24,R-B,4086.49,4086.49,4077.49,4096.0,9.0,99
2026.07.31 11:01:06.312,R21&R22,R-B,4066.29,4066.29,4060.29,4085.0,6.0,108
2026.07.31 17:01:50.232,R19,PB-S,4032.0,4031.88,4038.0,4010.0,6.0,118
2026.08.03 01:24:35.585,R10,R-S,4065.06,4065.06,4071.06,4036.0,6.0,125
2026.08.03 06:23:00.318,R9,PB-B,4062.0,4062.01,4056.0,4082.0,6.0,134
2026.08.03 09:11:01.182,R10,PB-B,4067.0,4067.02,4062.0,4082.0,5.0,142
2026.08.03 10:53:10.817,R9,PB-S,4061.0,4060.94,4065.0,4036.0,4.0,150
2026.08.03 18:03:31.888,R8,R-S,4032.01,4032.01,4041.01,4008.0,9.0,158
2026.08.04 08:37:29.512,R8,PB-B,4061.0,4061.0,4055.0,4082.0,6.0,168
2026.08.04 17:50:18.220,R9,PB-S,4082.0,4081.97,4088.0,4061.0,6.0,176
2026.08.05 01:36:08.732,R7,R-B,4082.39,4082.39,4076.39,4096.0,6.0,185
2026.08.05 05:02:03.112,R8,PB-B,4099.0,4099.02,4093.0,4112.0,6.0,193
2026.08.05 08:46:32.648,R11,R-S,4162.04,4162.04,4168.04,4135.0,6.0,201
2026.08.05 14:43:35.465,R12,R-S,4188.03,4188.03,4194.03,4163.0,6.0,209
2026.08.05 17:08:02.867,R14,R-S,4224.02,4224.02,4233.02,4210.0,9.0,217
2026.08.05 18:52:34.605,R15,PB-B,4242.0,4242.04,4236.0,4263.0,6.0,227
2026.08.06 02:29:24.563,R17,R-S,4263.14,4263.14,4269.14,4242.0,6.0,235
2026.08.06 05:01:40.484,R18,PB-S,4289.0,4288.97,4295.0,4264.0,6.0,243
2026.08.06 08:34:48.966,R16,PB-S,4257.0,4256.98,4263.0,4242.0,6.0,250
2026.08.06 10:21:23.912,R16,PB-B,4259.0,4259.02,4253.0,4289.0,6.0,259
2026.08.06 15:46:34.921,R17,PB-B,4264.0,4264.02,4259.0,4289.0,5.0,267
2026.08.06 16:49:14.103,R17,PB-B,4264.0,4264.25,4259.0,4289.0,5.0,276
2026.08.06 19:16:19.217,R14,R-B,4227.37,4227.37,4218.37,4240.0,9.0,285
2026.08.07 01:18:28.592,R9,R-B,4241.61,4241.61,4232.61,4257.0,9.0,295
2026.08.07 03:26:14.644,R9,PB-B,4241.0,4241.06,4235.0,4257.0,6.0,303
2026.08.07 04:45:38.663,R10,R-S,4257.42,4257.42,4264.29,4241.0,6.87,310
2026.08.07 06:06:09.508,R10,PB-S,4257.0,4256.98,4262.0,4241.0,5.0,319
2026.08.07 07:18:30.853,R11,PB-B,4263.0,4263.04,4259.0,4288.0,4.0,327
2026.08.07 14:03:53.904,R14&R15,R-S,4323.46,4323.46,4329.46,4293.0,6.0,337
2026.08.07 15:30:07.349,R16,R-S,4341.54,4341.54,4350.54,4327.0,9.0,345
2026.08.07 15:58:04.329,R17,R-S,4356.01,4356.01,4365.01,4341.0,9.0,352
2026.08.07 16:18:32.174,R16,R-S,4339.27,4339.27,4348.27,4327.0,9.0,360
2026.08.07 17:17:19.324,R16,PB-S,4339.0,4339.0,4345.0,4327.0,6.0,369
2026.08.07 20:51:02.391,R16,PB-S,4339.0,4339.0,4345.0,4327.0,6.0,377
2026.08.10 04:29:55.497,R7,R-B,4318.19,4318.19,4309.19,4338.0,9.0,385
2026.08.10 06:00:58.473,R7,R-B,4318.48,4318.48,4309.48,4338.0,9.0,395
2026.08.10 17:00:49.428,R8&R9,PB-S,4322.0,4321.89,4328.0,4293.0,6.0,403
2026.08.10 22:25:17.967,R13,R-S,4388.02,4388.02,4391.0,4372.0,2.98,411
2026.08.11 01:23:22.796,R10&R11,R-B,4393.52,4393.52,4385.24,4417.0,8.28,419
2026.08.11 04:40:24.580,R13,R-S,4422.03,4422.03,4428.03,4393.0,6.0,426
2026.08.11 06:21:02.623,R12,PB-S,4417.0,4416.97,4422.0,4393.0,5.0,435
2026.08.11 09:40:23.920,R8,PB-S,4368.0,4367.98,4374.0,4359.0,6.0,445
2026.08.11 11:00:32.217,R7,R-B,4359.46,4359.46,4350.46,4386.0,9.0,450
2026.08.11 15:23:14.694,R10&R11,PB-B,4393.0,4393.02,4388.0,4417.0,5.0,460
2026.08.11 16:48:46.398,R10&R11,PB-B,4393.0,4393.02,4388.0,4417.0,5.0,469
2026.08.12 04:05:52.716,R10,R-S,4386.06,4386.06,4390.0,4360.0,3.94,477
2026.08.12 06:08:02.761,R12,R-S,4415.12,4415.12,4421.12,4392.0,6.0,485
2026.08.12 15:30:05.630,R13,PB-B,4425.0,4425.31,4419.0,4446.0,6.0,493
2026.08.12 16:30:16.607,R12,PB-B,4417.0,4417.01,4411.0,4446.0,6.0,503
2026.08.13 03:09:14.911,R11,R-S,4422.09,4422.09,4431.09,4392.0,9.0,510
2026.08.13 04:30:57.669,R11,PB-S,4422.0,4421.95,4428.0,4416.0,6.0,519
2026.08.13 08:46:37.446,R8,R-B,4386.09,4386.09,4380.09,4415.0,6.0,527
2026.08.13 14:22:23.944,R9,PB-B,4392.0,4392.0,4386.0,4415.0,6.0,534
2026.08.13 16:29:16.366,R8,PB-B,4386.0,4386.03,4380.0,4415.0,6.0,543
2026.08.13 20:17:32.168,R7,PB-B,4368.0,4368.05,4362.0,4385.0,6.0,551
2026.08.14 04:18:31.474,R7,R-B,4320.36,4320.36,4314.36,4335.0,6.0,561
2026.08.14 08:00:39.780,R8,PB-B,4325.0,4325.02,4320.0,4335.0,5.0,569
2026.08.14 15:31:25.493,R12,R-S,4385.15,4385.15,4391.15,4367.0,6.0,578
2026.08.17 02:02:00.555,R10,PB-B,4384.0,4384.11,4378.0,4411.0,6.0,586
2026.08.17 15:53:37.613,R10,PB-S,4383.0,4382.97,4388.0,4365.0,5.0,593
2026.08.17 18:15:55.043,R14,R-S,4422.0,4422.0,4431.0,4413.0,9.0,599
2026.08.18 04:18:03.917,R11,PB-B,4425.0,4425.08,4419.0,4443.0,6.0,612
2026.08.18 17:39:34.446,R7,PB-B,4383.0,4383.17,4377.0,4409.0,6.0,620
2026.08.18 18:14:13.053,R5,R-B,4359.14,4359.14,4350.14,4382.0,9.0,628
2026.08.18 18:31:12.221,R5,R-B,4359.32,4359.32,4350.32,4382.0,9.0,635
2026.08.18 22:32:59.644,R5,PB-S,4356.0,4355.97,4362.0,4333.0,6.0,643
2026.08.19 04:02:21.994,R12,R-B,4325.27,4325.27,4319.27,4332.0,6.0,652
2026.08.19 05:24:03.769,R15,R-S,4362.0,4362.0,4368.0,4333.0,6.0,657
2026.08.19 15:35:48.620,R17,R-S,4387.01,4387.01,4390.0,4383.0,2.99,670
2026.08.19 15:57:29.889,R21,R-S,4442.0,4442.0,4448.0,4425.0,6.0,678
2026.08.20 02:23:33.172,R9,R-B,4516.45,4516.45,4510.45,4523.0,6.0,686
2026.08.20 04:15:03.228,R7&R8,R-B,4494.19,4494.19,4485.19,4515.0,9.0,693
2026.08.20 07:48:03.754,R7&R8,PB-S,4489.0,4488.99,4495.0,4464.0,6.0,702
2026.08.20 15:00:40.404,R6,R-B,4464.05,4464.05,4458.05,4489.0,6.0,709
2026.08.20 21:08:18.773,R9,PB-B,4516.0,4516.05,4510.0,4523.0,6.0,721
2026.08.21 02:28:33.413,R13,PB-B,4524.0,4524.23,4520.0,4542.0,4.0,727
2026.08.21 04:00:30.181,R11,PB-S,4513.0,4512.91,4519.0,4493.0,6.0,737
2026.08.21 05:04:47.241,R13,PB-B,4524.0,4524.06,4520.0,4542.0,4.0,745
2026.08.21 10:10:36.840,R15,PB-B,4559.0,4559.18,4553.0,4575.0,6.0,753
2026.08.21 12:13:18.996,R19,R-S,4599.35,4599.35,4605.35,4592.0,6.0,761
2026.08.21 15:10:40.806,R18,PB-B,4592.0,4592.07,4586.0,4598.0,6.0,770
2026.08.21 17:34:16.554,R18,PB-B,4592.0,4592.08,4586.0,4598.0,6.0,781
2026.08.21 22:48:45.181,R20,PB-S,4622.0,4621.97,4628.0,4599.0,6.0,788
2026.08.24 04:00:44.612,R11,PB-B,4627.0,4627.0,4621.0,4647.0,6.0,792
2026.08.24 05:30:10.658,R13,PB-B,4654.0,4654.03,4649.0,4659.0,5.0,804
2026.08.24 14:49:44.097,R12,PB-B,4649.0,4649.22,4643.0,4659.0,6.0,813
2026.08.24 15:32:54.345,R13,PB-B,4654.0,4654.04,4649.0,4659.0,5.0,821
2026.08.24 18:45:13.471,R14,PB-B,4660.0,4660.06,4654.0,4676.0,6.0,829
2026.08.24 20:08:52.717,R13,PB-S,4653.0,4652.91,4659.0,4627.0,6.0,839
2026.08.25 02:15:25.913,R14,R-S,4675.01,4675.01,4681.01,4660.0,6.0,847
2026.08.25 05:01:36.688,R13,PB-S,4659.0,4658.76,4665.0,4648.0,6.0,855
2026.08.25 05:51:34.378,R10,R-B,4627.39,4627.39,4621.39,4647.0,6.0,862
2026.08.25 16:32:12.502,R10,PB-S,4622.0,4621.56,4628.0,4596.0,6.0,871
2026.08.25 22:31:03.849,R13,PB-B,4660.0,4660.24,4654.0,4675.0,6.0,879
2026.08.26 03:22:22.787,R10,R-B,4647.33,4647.33,4641.33,4659.0,6.0,889
2026.08.26 05:56:41.944,R12,PB-B,4660.0,4660.06,4654.0,4674.0,6.0,897
2026.08.26 14:19:46.343,R8&R9,PB-S,4622.0,4621.99,4628.0,4596.0,6.0,905
2026.08.26 18:05:42.459,R6,R-B,4592.01,4592.01,4586.01,4622.0,6.0,915
2026.08.26 19:37:47.337,R6,PB-B,4592.0,4592.05,4586.0,4622.0,6.0,923
2026.08.26 20:55:45.911,R7,PB-B,4596.0,4596.0,4592.0,4622.0,4.0,931
2026.08.27 01:00:21.097,R10,R-S,4596.91,4596.91,4602.91,4579.0,6.0,939
2026.08.27 14:49:21.167,R10,PB-B,4595.0,4595.23,4589.0,4621.0,6.0,949
2026.08.28 03:21:49.034,R10,R-B,4592.37,4592.37,4586.37,4619.0,6.0,957
2026.08.28 15:32:37.736,R11,PB-B,4595.0,4595.03,4592.0,4619.0,3.0,965
2026.08.28 17:01:42.293,R11,PB-B,4595.0,4595.25,4592.0,4619.0,3.0,973
2026.08.28 17:27:43.665,R6,R-B,4538.05,4538.05,4532.05,4556.0,6.0,981
2026.08.28 17:54:31.591,R8,PB-S,4570.0,4569.6,4576.0,4559.0,6.0,989
2026.08.28 19:18:24.414,R2,R-B,4490.54,4490.54,4485.0,4509.0,5.54,999
