"run_id","scope","trades","pnl","pf"
"RISK200_OFF","TRAIN","74","103.79","1.455"
"RISK200_OFF","FORWARD","35","40.18","1.483"
"RISK200_OFF","ALL","109","143.97","1.463"
"RISK200_NET_8","TRAIN","56","125.81","1.822"
"RISK200_NET_8","FORWARD","25","-35.39","0.544"
"RISK200_NET_8","ALL","81","90.42","1.392"
"RISK200_NET_10","TRAIN","66","154.01","1.881"
"RISK200_NET_10","FORWARD","27","-13.32","0.83"
"RISK200_NET_10","ALL","93","140.69","1.555"
"RISK200_NET_12P5","TRAIN","69","141.75","1.746"
"RISK200_NET_12P5","FORWARD","35","40.18","1.483"
"RISK200_NET_12P5","ALL","104","181.93","1.666"
"RISK200_NET_15","TRAIN","71","124.56","1.601"
"RISK200_NET_15","FORWARD","35","40.18","1.483"
"RISK200_NET_15","ALL","106","164.74","1.567"
"RISK200_NET_20","TRAIN","73","109.52","1.493"
"RISK200_NET_20","FORWARD","35","40.18","1.483"
"RISK200_NET_20","ALL","108","149.7","1.49"
"RISK200_GROSS_8","TRAIN","44","92.81","1.734"
"RISK200_GROSS_8","FORWARD","23","-43.28","0.369"
"RISK200_GROSS_8","ALL","67","49.53","1.254"
"RISK200_GROSS_10","TRAIN","57","133.47","1.861"
"RISK200_GROSS_10","FORWARD","26","-4.25","0.939"
"RISK200_GROSS_10","ALL","83","129.22","1.576"
"RISK200_GROSS_12P5","TRAIN","66","156.54","1.893"
"RISK200_GROSS_12P5","FORWARD","35","40.18","1.483"
"RISK200_GROSS_12P5","ALL","101","196.72","1.761"
"RISK200_GROSS_15","TRAIN","68","143.8","1.765"
"RISK200_GROSS_15","FORWARD","35","40.18","1.483"
"RISK200_GROSS_15","ALL","103","183.98","1.678"
"RISK200_GROSS_20","TRAIN","71","126.68","1.618"
"RISK200_GROSS_20","FORWARD","35","40.18","1.483"
"RISK200_GROSS_20","ALL","106","166.86","1.579"
"RISK300_OFF","TRAIN","78","103.41","1.425"
"RISK300_OFF","FORWARD","35","40.18","1.483"
"RISK300_OFF","ALL","113","143.59","1.44"
"RISK300_NET_8","TRAIN","69","141.75","1.746"
"RISK300_NET_8","FORWARD","30","6.51","1.076"
"RISK300_NET_8","ALL","99","148.26","1.537"
"RISK300_NET_10","TRAIN","71","124.56","1.601"
"RISK300_NET_10","FORWARD","35","40.18","1.483"
"RISK300_NET_10","ALL","106","164.74","1.567"
"RISK300_NET_12P5","TRAIN","78","124.47","1.524"
"RISK300_NET_12P5","FORWARD","35","40.18","1.483"
"RISK300_NET_12P5","ALL","113","164.65","1.513"
"RISK300_NET_15","TRAIN","76","109.26","1.46"
"RISK300_NET_15","FORWARD","35","40.18","1.483"
"RISK300_NET_15","ALL","111","149.44","1.466"
"RISK300_NET_20","TRAIN","78","103.41","1.425"
"RISK300_NET_20","FORWARD","35","40.18","1.483"
"RISK300_NET_20","ALL","113","143.59","1.44"
"RISK300_GROSS_8","TRAIN","63","152.5","1.902"
"RISK300_GROSS_8","FORWARD","30","6.51","1.076"
"RISK300_GROSS_8","ALL","93","159.01","1.623"
"RISK300_GROSS_10","TRAIN","68","143.8","1.765"
"RISK300_GROSS_10","FORWARD","35","40.18","1.483"
"RISK300_GROSS_10","ALL","103","183.98","1.678"
"RISK300_GROSS_12P5","TRAIN","71","126.68","1.618"
"RISK300_GROSS_12P5","FORWARD","35","40.18","1.483"
"RISK300_GROSS_12P5","ALL","106","166.86","1.579"
"RISK300_GROSS_15","TRAIN","72","118.54","1.556"
"RISK300_GROSS_15","FORWARD","35","40.18","1.483"
"RISK300_GROSS_15","ALL","107","158.72","1.535"
"RISK300_GROSS_20","TRAIN","75","118.31","1.518"
"RISK300_GROSS_20","FORWARD","35","40.18","1.483"
"RISK300_GROSS_20","ALL","110","158.49","1.508"
