"run_id","phase","from_date","to_date","deposit","lot","high_max","high_sl","net_pnl","return_pct","trades","wins","losses","be","gross_profit","gross_loss","profit_factor","expectancy","avg_win","avg_loss","max_losing_streak","max_realized_drawdown","positive_days","negative_days","flat_days","best_day_pnl","worst_day_pnl","max_daily_realized_giveback","reversal_trades","reversal_win_rate","reversal_pnl","reversal_profit_factor","pullback_trades","pullback_win_rate","pullback_pnl","pullback_profit_factor","high_r1_n","high_r1_pnl","high_r2_n","high_r2_pnl","high_r3_n","high_r3_pnl","high_r4_n","high_r4_pnl","stacked_trades","stacked_pnl","max_concurrent_positions","peak_summed_r0_price","peak_initial_risk_usd","peak_initial_risk_pct","max_required_new_margin","max_account_margin","min_free_margin","min_margin_level","margin_blocked","daily_loss_stop","daily_loss_would_trigger","expected_zone_days","loaded_zone_days","missing_zone_days","missing_zone_dates","regression_status"
"RISK200_OFF","AR_RISK_01","2026.07.29","2026.08.29","200","0.01","4","1.5","143.97","71.99","109","39","65","5","455.27","311.28","1.463","1.321","11.674","-4.789","7","65.36","14","8","0","49.79","-43.28","46.74","24","33.33","59.18","1.756","85","36.47","84.79","1.364","14","36.11","10","23.07","0","0","0","0","2","5.19","3","24","24","12","46.76","132.75","134.8","240.43","0","1","0","23","23","0","","PASS"
"RISK200_NET_8","AR_RISK_01","2026.07.29","2026.08.29","200","0.01","4","1.5","90.42","45.21","81","29","50","2","321.16","230.73","1.392","1.116","11.074","-4.615","7","44.12","12","10","0","37.83","-15.96","15.96","17","35.29","43.11","1.729","64","35.94","47.31","1.276","11","58.18","6","-15.07","0","0","0","0","0","0","2","18","18","9","46.76","84.82","159.33","326.08","0","0","0","23","23","0","","PASS"
"RISK200_NET_10","AR_RISK_01","2026.07.29","2026.08.29","200","0.01","4","1.5","140.69","70.35","93","33","57","3","393.99","253.29","1.555","1.513","11.939","-4.444","9","38.55","13","9","0","49.79","-18","18.33","20","35","66.5","2.12","73","35.62","74.19","1.383","12","54.14","8","12.36","0","0","0","0","2","5.19","2","18","18","9","46.76","87.87","159.33","290.01","0","0","0","23","23","0","","PASS"
"RISK200_NET_12P5","AR_RISK_01","2026.07.29","2026.08.29","200","0.01","4","1.5","181.93","90.97","104","39","60","5","455.27","273.32","1.666","1.749","11.674","-4.555","6","42.47","14","8","0","49.79","-22.47","24.5","21","38.1","82.98","2.522","83","37.35","98.95","1.452","13","45.13","8","37.85","0","0","0","0","2","5.19","2","18","18","9","46.76","89.89","157.69","279.46","0","0","0","23","23","0","","PASS"
"RISK200_NET_15","AR_RISK_01","2026.07.29","2026.08.29","200","0.01","4","1.5","164.74","82.37","106","39","62","5","455.27","290.51","1.567","1.554","11.674","-4.686","6","50.61","14","8","0","49.79","-29.36","31.99","22","36.36","73.93","2.163","84","36.9","90.81","1.4","13","45.13","9","28.8","0","0","0","0","2","5.19","3","24","24","12","46.76","132.75","149.55","251.54","0","0","0","23","23","0","","PASS"
"RISK200_NET_20","AR_RISK_01","2026.07.29","2026.08.29","200","0.01","4","1.5","149.7","74.85","108","39","64","5","455.27","305.55","1.49","1.386","11.674","-4.774","7","59.63","14","8","0","49.79","-37.55","41.01","23","34.78","64.91","1.894","85","36.47","84.79","1.364","14","36.11","9","28.8","0","0","0","0","2","5.19","3","24","24","12","46.76","132.75","140.53","244.75","0","0","0","23","23","0","","PASS"
"RISK200_GROSS_8","AR_RISK_01","2026.07.29","2026.08.29","200","0.01","4","1.5","49.53","24.77","67","23","43","1","244.59","195.05","1.254","0.739","10.634","-4.536","7","60.78","11","11","0","31.95","-15.96","15.96","13","30.77","21.98","1.439","54","35.19","27.55","1.19","9","52.35","4","-30.37","0","0","0","0","0","0","2","15","15","7.5","46.76","84.82","159.33","290.47","0","0","0","23","23","0","","PASS"
"RISK200_GROSS_10","AR_RISK_01","2026.07.29","2026.08.29","200","0.01","4","1.5","129.22","64.61","83","30","52","1","353.58","224.35","1.576","1.557","11.786","-4.314","9","36.77","13","9","0","49.79","-18","18.33","15","33.33","49.06","2.053","68","36.76","80.16","1.451","10","48.31","5","0.75","0","0","0","0","0","0","2","18","18","9","46.76","87.87","150.49","271.26","0","0","0","23","23","0","","PASS"
"RISK200_GROSS_12P5","AR_RISK_01","2026.07.29","2026.08.29","200","0.01","4","1.5","196.72","98.36","101","39","57","5","455.27","258.53","1.761","1.948","11.674","-4.536","6","34.61","14","8","0","49.79","-22.47","24.5","21","38.1","86.67","2.705","80","38.75","110.05","1.53","13","45.13","8","41.54","0","0","0","0","1","10.21","2","18","18","9","46.76","89.89","159.33","296.29","0","0","0","23","23","0","","PASS"
"RISK200_GROSS_15","AR_RISK_01","2026.07.29","2026.08.29","200","0.01","4","1.5","183.98","91.99","103","39","59","5","455.27","271.27","1.678","1.786","11.674","-4.598","6","35.56","14","8","0","49.79","-29.36","29.36","22","36.36","73.93","2.163","81","38.27","110.05","1.53","13","45.13","9","28.8","0","0","0","0","1","10.21","3","24","24","12","46.76","132.75","159.33","266.03","0","0","0","23","23","0","","PASS"
"RISK200_GROSS_20","AR_RISK_01","2026.07.29","2026.08.29","200","0.01","4","1.5","166.86","83.43","106","39","62","5","455.27","288.39","1.579","1.574","11.674","-4.651","7","42.47","14","8","0","49.79","-35.38","35.38","22","36.36","73.93","2.163","84","36.9","92.93","1.413","13","45.13","9","28.8","0","0","0","0","2","5.19","3","24","24","12","46.76","132.75","157.69","257.67","0","0","0","23","23","0","","PASS"
"RISK300_OFF","AR_RISK_01","2026.07.29","2026.08.29","300","0.01","4","1.5","143.59","47.86","113","40","68","5","470.26","326.65","1.44","1.271","11.756","-4.804","7","65.74","14","8","0","49.79","-43.66","47.12","26","30.77","50.01","1.572","87","36.78","93.58","1.391","15","27.05","11","22.96","0","0","0","0","2","5.19","3","24","24","8","46.76","132.75","234.42","315.47","0","0","0","23","23","0","","PASS"
"RISK300_NET_8","AR_RISK_01","2026.07.29","2026.08.29","300","0.01","4","1.5","148.26","49.42","99","36","60","3","424.56","276.29","1.537","1.498","11.793","-4.605","6","42.47","13","9","0","49.79","-22.47","24.5","21","38.1","73.97","2.164","78","35.9","74.29","1.349","13","45.13","8","28.84","0","0","0","0","2","5.19","2","18","18","6","46.76","88.5","257.69","393.26","0","0","0","23","23","0","","PASS"
"RISK300_NET_10","AR_RISK_01","2026.07.29","2026.08.29","300","0.01","4","1.5","164.74","54.91","106","39","62","5","455.27","290.51","1.567","1.554","11.674","-4.686","6","50.61","14","8","0","49.79","-29.36","31.99","22","36.36","73.93","2.163","84","36.9","90.81","1.4","13","45.13","9","28.8","0","0","0","0","2","5.19","3","24","24","8","46.76","132.75","249.55","326.87","0","0","0","23","23","0","","PASS"
"RISK300_NET_12P5","AR_RISK_01","2026.07.29","2026.08.29","300","0.01","4","1.5","164.65","54.88","113","41","67","5","485.62","320.95","1.513","1.457","11.844","-4.79","7","50.61","14","8","0","49.79","-35.38","35.38","26","34.62","71.07","1.869","87","36.78","93.58","1.391","15","27.02","11","44.05","0","0","0","0","2","5.19","3","24","24","8","46.76","132.75","255.48","331.34","0","0","0","23","23","0","","PASS"
"RISK300_NET_15","AR_RISK_01","2026.07.29","2026.08.29","300","0.01","4","1.5","149.44","49.81","111","40","66","5","470.26","320.8","1.466","1.346","11.756","-4.861","7","59.89","14","8","0","49.79","-37.81","41.27","24","33.33","55.86","1.684","87","36.78","93.58","1.391","14","36.11","10","19.75","0","0","0","0","2","5.19","3","24","24","8","46.76","132.75","240.27","319.88","0","0","0","23","23","0","","PASS"
"RISK300_NET_20","AR_RISK_01","2026.07.29","2026.08.29","300","0.01","4","1.5","143.59","47.86","113","40","68","5","470.26","326.65","1.44","1.271","11.756","-4.804","7","65.74","14","8","0","49.79","-43.66","47.12","26","30.77","50.01","1.572","87","36.78","93.58","1.391","15","27.05","11","22.96","0","0","0","0","2","5.19","3","24","24","8","46.76","132.75","234.42","315.47","0","0","0","23","23","0","","PASS"
"RISK300_GROSS_8","AR_RISK_01","2026.07.29","2026.08.29","300","0.01","4","1.5","159.01","53","93","35","56","2","414.35","255.33","1.623","1.71","11.839","-4.559","6","33.79","13","9","0","49.79","-21.28","21.28","20","40","77.66","2.297","73","36.99","81.35","1.416","13","45.13","7","32.53","0","0","0","0","0","0","2","18","18","6","46.76","88.5","259.33","417.12","0","0","0","23","23","0","","PASS"
"RISK300_GROSS_10","AR_RISK_01","2026.07.29","2026.08.29","300","0.01","4","1.5","183.98","61.33","103","39","59","5","455.27","271.27","1.678","1.786","11.674","-4.598","6","35.56","14","8","0","49.79","-29.36","29.36","22","36.36","73.93","2.163","81","38.27","110.05","1.53","13","45.13","9","28.8","0","0","0","0","1","10.21","3","24","24","8","46.76","132.75","259.33","341.36","0","0","0","23","23","0","","PASS"
"RISK300_GROSS_12P5","AR_RISK_01","2026.07.29","2026.08.29","300","0.01","4","1.5","166.86","55.62","106","39","62","5","455.27","288.39","1.579","1.574","11.674","-4.651","7","42.47","14","8","0","49.79","-35.38","35.38","22","36.36","73.93","2.163","84","36.9","92.93","1.413","13","45.13","9","28.8","0","0","0","0","2","5.19","3","24","24","8","46.76","132.75","257.69","333","0","0","0","23","23","0","","PASS"
"RISK300_GROSS_15","AR_RISK_01","2026.07.29","2026.08.29","300","0.01","4","1.5","158.72","52.91","107","39","63","5","455.27","296.53","1.535","1.483","11.674","-4.707","7","50.61","14","8","0","49.79","-35.38","35.38","22","36.36","73.93","2.163","85","36.47","84.79","1.364","13","45.13","9","28.8","0","0","0","0","2","5.19","3","24","24","8","46.76","132.75","249.55","326.87","0","0","0","23","23","0","","PASS"
"RISK300_GROSS_20","AR_RISK_01","2026.07.29","2026.08.29","300","0.01","4","1.5","158.49","52.83","110","40","65","5","470.26","311.75","1.508","1.441","11.756","-4.796","7","59.63","14","8","0","49.79","-35.38","41.01","23","34.78","64.91","1.894","87","36.78","93.58","1.391","14","36.11","9","28.8","0","0","0","0","2","5.19","3","24","24","8","46.76","132.75","249.32","326.7","0","0","0","23","23","0","","PASS"
