"run_id","role","profile","deposit","max_live_positions","net_pnl","profit_factor","trades","max_concurrent_positions","margin_blocked","min_free_margin","min_margin_level","peak_initial_risk_usd","peak_initial_risk_pct","max_realized_drawdown","max_daily_realized_giveback","worst_trade_r","position_cap_blocks","position_cap_overflow","technical_status"
"MT5_CTRL_ALLFLAT_H4S15_100K","CONTROL_EQUIVALENCE","0","100000","99","72.13","1.046","495","5","0","99753.9","45876.31","42","0.04","213.85","106.21","-1.587","0","0","PASS"
"MT5_F1_SPACE15_HIGH_H2_100K_UNCAPPED","FINALIST_F1","3","100000","99","162.6","1.412","130","3","0","99926.23","76467.28","24","0.02","69.6","68.26","-1.587","0","0","PASS"
"MT5_F2_SPACE15_HIGHSPACE_H2_100K_UNCAPPED","FINALIST_F2","4","100000","99","143.59","1.44","113","3","0","99934.42","75419.05","24","0.02","65.74","47.12","-1.587","0","0","PASS"
"MT5_F1_100K_MAX3","CAP_ISOLATION","3","100000","3","162.6","1.412","130","3","0","99926.23","76467.28","24","0.02","69.6","68.26","-1.587","0","0","PASS"
"MT5_F2_100K_MAX3","CAP_ISOLATION","4","100000","3","143.59","1.44","113","3","0","99934.42","75419.05","24","0.02","65.74","47.12","-1.587","0","0","PASS"
"MT5_F1_100K_MAX5","CAP_ISOLATION","3","100000","5","162.6","1.412","130","3","0","99926.23","76467.28","24","0.02","69.6","68.26","-1.587","0","0","PASS"
"MT5_F2_100K_MAX5","CAP_ISOLATION","4","100000","5","143.59","1.44","113","3","0","99934.42","75419.05","24","0.02","65.74","47.12","-1.587","0","0","PASS"
"MT5_F1_MVP200_MAX3","MVP_200","3","200","3","162.6","1.412","130","3","0","126.23","214.22","24","12","69.6","68.26","-1.587","0","0","PASS"
"MT5_F2_MVP200_MAX3","MVP_200","4","200","3","143.59","1.44","113","3","0","134.42","240.14","24","12","65.74","47.12","-1.587","0","0","PASS"
"MT5_F1_MVP300_MAX5","MVP_300","3","300","5","162.6","1.412","130","3","0","226.23","290.62","24","8","69.6","68.26","-1.587","0","0","PASS"
"MT5_F2_MVP300_MAX5","MVP_300","4","300","5","143.59","1.44","113","3","0","234.42","315.47","24","8","65.74","47.12","-1.587","0","0","PASS"
