"run_id","scope","trades","pnl","pf","positive_days","negative_days"
"ACC_F1_MVP200_MAX3_B23","TRAIN","88","142.21","1.515","8","7"
"ACC_F1_MVP200_MAX3_B23","FORWARD","37","35.49","1.404","5","3"
"ACC_F1_MVP200_MAX3_B23","ALL","125","177.7","1.488","13","10"
"ACC_F2_MVP200_MAX3_B23","TRAIN","74","103.79","1.455","9","5"
"ACC_F2_MVP200_MAX3_B23","FORWARD","35","40.18","1.483","5","3"
"ACC_F2_MVP200_MAX3_B23","ALL","109","143.97","1.463","14","8"
"ACC_F1_MVP300_MAX5_B23","TRAIN","93","127.11","1.415","8","7"
"ACC_F1_MVP300_MAX5_B23","FORWARD","37","35.49","1.404","5","3"
"ACC_F1_MVP300_MAX5_B23","ALL","130","162.6","1.412","13","10"
"ACC_F2_MVP300_MAX5_B23","TRAIN","78","103.41","1.425","9","5"
"ACC_F2_MVP300_MAX5_B23","FORWARD","35","40.18","1.483","5","3"
"ACC_F2_MVP300_MAX5_B23","ALL","113","143.59","1.44","14","8"
