"mode","risk_pct","pnl200","pf200","forward_pnl200","forward_pf200","dd200","blocks200","retention200","pnl300","pf300","forward_pnl300","forward_pf300","dd300","blocks300","retention300","robust_pf","portable_status"
"GROSS","12.5","196.72","1.761","40.18","1.483","34.61","28","0.927","166.86","1.579","40.18","1.483","42.47","20","0.938","1.483","PASS"
"NET","12.5","181.93","1.666","40.18","1.483","42.47","22","0.954","164.65","1.513","40.18","1.483","50.61","4","1","1.483","PASS"
"GROSS","15","183.98","1.678","40.18","1.483","35.56","24","0.945","158.72","1.535","40.18","1.483","50.61","19","0.947","1.483","PASS"
"GROSS","20","166.86","1.579","40.18","1.483","42.47","20","0.972","158.49","1.508","40.18","1.483","59.63","17","0.973","1.483","PASS"
"NET","15","164.74","1.567","40.18","1.483","50.61","20","0.972","149.44","1.466","40.18","1.483","59.89","14","0.982","1.46","PASS"
"NET","20","149.7","1.49","40.18","1.483","59.63","18","0.991","143.59","1.44","40.18","1.483","65.74","0","1","1.425","PASS"
"GROSS","10","129.22","1.576","-4.25","0.939","36.77","58","0.761","183.98","1.678","40.18","1.483","35.56","24","0.912","0.939","FAIL"
"NET","10","140.69","1.555","-13.32","0.83","38.55","41","0.853","164.74","1.567","40.18","1.483","50.61","20","0.938","0.83","FAIL"
"NET","8","90.42","1.392","-35.39","0.544","44.12","68","0.743","148.26","1.537","6.51","1.076","42.47","29","0.876","0.544","FAIL"
"GROSS","8","49.53","1.254","-43.28","0.369","60.78","85","0.615","159.01","1.623","6.51","1.076","33.79","38","0.823","0.369","FAIL"
