"run_id","phase","date","net_pnl","trades","reversal_trades","reversal_pnl","pullback_trades","pullback_pnl","realized_peak","max_realized_giveback"
"RISK200_OFF","AR_RISK_01","2026.07.29","17.21","3","0","0","3","17.21","22.47","5.26"
"RISK200_OFF","AR_RISK_01","2026.07.30","37.83","7","4","50.39","3","-12.56","37.83","12.4"
"RISK200_OFF","AR_RISK_01","2026.07.31","31.95","4","1","16.39","3","15.56","31.95","0"
"RISK200_OFF","AR_RISK_01","2026.08.03","-22.47","5","2","-18.16","3","-4.31","2.03","24.5"
"RISK200_OFF","AR_RISK_01","2026.08.04","-6.28","2","0","0","2","-6.28","0","6.28"
"RISK200_OFF","AR_RISK_01","2026.08.05","23.72","4","0","0","4","23.72","29.96","6.24"
"RISK200_OFF","AR_RISK_01","2026.08.06","-15.02","4","0","0","4","-15.02","0","18"
"RISK200_OFF","AR_RISK_01","2026.08.07","-43.28","14","6","-22.65","8","-20.63","3.46","46.74"
"RISK200_OFF","AR_RISK_01","2026.08.11","49.79","10","2","47.19","8","2.6","61.91","12.12"
"RISK200_OFF","AR_RISK_01","2026.08.12","16.69","2","0","0","2","16.69","23.08","6.39"
"RISK200_OFF","AR_RISK_01","2026.08.13","16.79","6","2","-10.32","4","27.11","28.93","12.14"
"RISK200_OFF","AR_RISK_01","2026.08.14","18","2","0","0","2","18","18.03","0.03"
"RISK200_OFF","AR_RISK_01","2026.08.17","-35.38","5","2","-18.06","3","-17.32","0","35.38"
"RISK200_OFF","AR_RISK_01","2026.08.18","14.24","6","0","0","6","14.24","14.24","6.17"
"RISK200_OFF","AR_RISK_01","2026.08.19","25.21","5","3","14.48","2","10.73","25.21","9.07"
"RISK200_OFF","AR_RISK_01","2026.08.20","12.39","9","2","-0.08","7","12.47","12.39","15.38"
"RISK200_OFF","AR_RISK_01","2026.08.21","11.79","6","0","0","6","11.79","12.69","10.28"
"RISK200_OFF","AR_RISK_01","2026.08.24","-6.49","4","0","0","4","-6.49","0","15.96"
"RISK200_OFF","AR_RISK_01","2026.08.25","2.21","4","0","0","4","2.21","2.86","5.46"
"RISK200_OFF","AR_RISK_01","2026.08.26","-4.48","3","0","0","3","-4.48","0","4.48"
"RISK200_OFF","AR_RISK_01","2026.08.27","2.84","2","0","0","2","2.84","2.9","0.06"
"RISK200_OFF","AR_RISK_01","2026.08.28","-3.29","2","0","0","2","-3.29","0","3.29"
"RISK200_NET_8","AR_RISK_01","2026.07.29","17.21","3","0","0","3","17.21","22.47","5.26"
"RISK200_NET_8","AR_RISK_01","2026.07.30","37.83","7","4","50.39","3","-12.56","37.83","12.4"
"RISK200_NET_8","AR_RISK_01","2026.07.31","31.95","4","1","16.39","3","15.56","31.95","0"
"RISK200_NET_8","AR_RISK_01","2026.08.03","-13.44","4","1","-9.13","3","-4.31","2.03","15.47"
"RISK200_NET_8","AR_RISK_01","2026.08.04","-6.28","2","0","0","2","-6.28","0","6.28"
"RISK200_NET_8","AR_RISK_01","2026.08.05","23.72","4","0","0","4","23.72","29.96","6.24"
"RISK200_NET_8","AR_RISK_01","2026.08.06","-12.79","2","0","0","2","-12.79","0","12.79"
"RISK200_NET_8","AR_RISK_01","2026.08.07","-15.69","3","2","-9.62","1","-6.07","0","15.69"
"RISK200_NET_8","AR_RISK_01","2026.08.11","19.09","10","2","16.49","8","2.6","31.21","12.12"
"RISK200_NET_8","AR_RISK_01","2026.08.12","16.69","2","0","0","2","16.69","23.08","6.39"
"RISK200_NET_8","AR_RISK_01","2026.08.13","16.79","6","2","-10.32","4","27.11","28.93","12.14"
"RISK200_NET_8","AR_RISK_01","2026.08.14","18","2","0","0","2","18","18.03","0.03"
"RISK200_NET_8","AR_RISK_01","2026.08.17","-11.3","2","0","0","2","-11.3","0","11.3"
"RISK200_NET_8","AR_RISK_01","2026.08.18","4.03","5","0","0","5","4.03","4.03","6.17"
"RISK200_NET_8","AR_RISK_01","2026.08.19","8.73","5","3","-2","2","10.73","8.73","13.9"
"RISK200_NET_8","AR_RISK_01","2026.08.20","-15.16","3","2","-9.09","1","-6.07","0","15.16"
"RISK200_NET_8","AR_RISK_01","2026.08.21","-10.28","4","0","0","4","-10.28","0","10.28"
"RISK200_NET_8","AR_RISK_01","2026.08.24","-15.96","2","0","0","2","-15.96","0","15.96"
"RISK200_NET_8","AR_RISK_01","2026.08.25","2.21","4","0","0","4","2.21","2.86","5.46"
"RISK200_NET_8","AR_RISK_01","2026.08.26","-4.48","3","0","0","3","-4.48","0","4.48"
"RISK200_NET_8","AR_RISK_01","2026.08.27","2.84","2","0","0","2","2.84","2.9","0.06"
"RISK200_NET_8","AR_RISK_01","2026.08.28","-3.29","2","0","0","2","-3.29","0","3.29"
"RISK200_NET_10","AR_RISK_01","2026.07.29","17.21","3","0","0","3","17.21","22.47","5.26"
"RISK200_NET_10","AR_RISK_01","2026.07.30","37.83","7","4","50.39","3","-12.56","37.83","12.4"
"RISK200_NET_10","AR_RISK_01","2026.07.31","31.95","4","1","16.39","3","15.56","31.95","0"
"RISK200_NET_10","AR_RISK_01","2026.08.03","-16.3","4","2","-18.16","2","1.86","2.03","18.33"
"RISK200_NET_10","AR_RISK_01","2026.08.04","-6.28","2","0","0","2","-6.28","0","6.28"
"RISK200_NET_10","AR_RISK_01","2026.08.05","23.72","4","0","0","4","23.72","29.96","6.24"
"RISK200_NET_10","AR_RISK_01","2026.08.06","-18","3","0","0","3","-18","0","18"
"RISK200_NET_10","AR_RISK_01","2026.08.07","-14.31","10","4","-7.9","6","-6.41","3.46","17.77"
"RISK200_NET_10","AR_RISK_01","2026.08.11","49.79","10","2","47.19","8","2.6","61.91","12.12"
"RISK200_NET_10","AR_RISK_01","2026.08.12","16.69","2","0","0","2","16.69","23.08","6.39"
"RISK200_NET_10","AR_RISK_01","2026.08.13","16.79","6","2","-10.32","4","27.11","28.93","12.14"
"RISK200_NET_10","AR_RISK_01","2026.08.14","18","2","0","0","2","18","18.03","0.03"
"RISK200_NET_10","AR_RISK_01","2026.08.17","-17.32","3","0","0","3","-17.32","0","17.32"
"RISK200_NET_10","AR_RISK_01","2026.08.18","14.24","6","0","0","6","14.24","14.24","6.17"
"RISK200_NET_10","AR_RISK_01","2026.08.19","8.73","5","3","-2","2","10.73","8.73","13.9"
"RISK200_NET_10","AR_RISK_01","2026.08.20","-15.16","3","2","-9.09","1","-6.07","0","15.16"
"RISK200_NET_10","AR_RISK_01","2026.08.21","11.79","6","0","0","6","11.79","12.69","10.28"
"RISK200_NET_10","AR_RISK_01","2026.08.24","-15.96","2","0","0","2","-15.96","0","15.96"
"RISK200_NET_10","AR_RISK_01","2026.08.25","2.21","4","0","0","4","2.21","2.86","5.46"
"RISK200_NET_10","AR_RISK_01","2026.08.26","-4.48","3","0","0","3","-4.48","0","4.48"
"RISK200_NET_10","AR_RISK_01","2026.08.27","2.84","2","0","0","2","2.84","2.9","0.06"
"RISK200_NET_10","AR_RISK_01","2026.08.28","-3.29","2","0","0","2","-3.29","0","3.29"
"RISK200_NET_12P5","AR_RISK_01","2026.07.29","17.21","3","0","0","3","17.21","22.47","5.26"
"RISK200_NET_12P5","AR_RISK_01","2026.07.30","37.83","7","4","50.39","3","-12.56","37.83","12.4"
"RISK200_NET_12P5","AR_RISK_01","2026.07.31","31.95","4","1","16.39","3","15.56","31.95","0"
"RISK200_NET_12P5","AR_RISK_01","2026.08.03","-22.47","5","2","-18.16","3","-4.31","2.03","24.5"
"RISK200_NET_12P5","AR_RISK_01","2026.08.04","-6.28","2","0","0","2","-6.28","0","6.28"
"RISK200_NET_12P5","AR_RISK_01","2026.08.05","23.72","4","0","0","4","23.72","29.96","6.24"
"RISK200_NET_12P5","AR_RISK_01","2026.08.06","-15.02","4","0","0","4","-15.02","0","18"
"RISK200_NET_12P5","AR_RISK_01","2026.08.07","-20.39","11","4","-7.9","7","-12.49","3.46","23.85"
"RISK200_NET_12P5","AR_RISK_01","2026.08.11","49.79","10","2","47.19","8","2.6","61.91","12.12"
"RISK200_NET_12P5","AR_RISK_01","2026.08.12","16.69","2","0","0","2","16.69","23.08","6.39"
"RISK200_NET_12P5","AR_RISK_01","2026.08.13","16.79","6","2","-10.32","4","27.11","28.93","12.14"
"RISK200_NET_12P5","AR_RISK_01","2026.08.14","18","2","0","0","2","18","18.03","0.03"
"RISK200_NET_12P5","AR_RISK_01","2026.08.17","-20.31","3","1","-9.01","2","-11.3","0","20.31"
"RISK200_NET_12P5","AR_RISK_01","2026.08.18","14.24","6","0","0","6","14.24","14.24","6.17"
"RISK200_NET_12P5","AR_RISK_01","2026.08.19","25.21","5","3","14.48","2","10.73","25.21","9.07"
"RISK200_NET_12P5","AR_RISK_01","2026.08.20","12.39","9","2","-0.08","7","12.47","12.39","15.38"
"RISK200_NET_12P5","AR_RISK_01","2026.08.21","11.79","6","0","0","6","11.79","12.69","10.28"
"RISK200_NET_12P5","AR_RISK_01","2026.08.24","-6.49","4","0","0","4","-6.49","0","15.96"
"RISK200_NET_12P5","AR_RISK_01","2026.08.25","2.21","4","0","0","4","2.21","2.86","5.46"
"RISK200_NET_12P5","AR_RISK_01","2026.08.26","-4.48","3","0","0","3","-4.48","0","4.48"
"RISK200_NET_12P5","AR_RISK_01","2026.08.27","2.84","2","0","0","2","2.84","2.9","0.06"
"RISK200_NET_12P5","AR_RISK_01","2026.08.28","-3.29","2","0","0","2","-3.29","0","3.29"
"RISK200_NET_15","AR_RISK_01","2026.07.29","17.21","3","0","0","3","17.21","22.47","5.26"
"RISK200_NET_15","AR_RISK_01","2026.07.30","37.83","7","4","50.39","3","-12.56","37.83","12.4"
"RISK200_NET_15","AR_RISK_01","2026.07.31","31.95","4","1","16.39","3","15.56","31.95","0"
"RISK200_NET_15","AR_RISK_01","2026.08.03","-22.47","5","2","-18.16","3","-4.31","2.03","24.5"
"RISK200_NET_15","AR_RISK_01","2026.08.04","-6.28","2","0","0","2","-6.28","0","6.28"
"RISK200_NET_15","AR_RISK_01","2026.08.05","23.72","4","0","0","4","23.72","29.96","6.24"
"RISK200_NET_15","AR_RISK_01","2026.08.06","-15.02","4","0","0","4","-15.02","0","18"
"RISK200_NET_15","AR_RISK_01","2026.08.07","-28.53","12","4","-7.9","8","-20.63","3.46","31.99"
"RISK200_NET_15","AR_RISK_01","2026.08.11","49.79","10","2","47.19","8","2.6","61.91","12.12"
"RISK200_NET_15","AR_RISK_01","2026.08.12","16.69","2","0","0","2","16.69","23.08","6.39"
"RISK200_NET_15","AR_RISK_01","2026.08.13","16.79","6","2","-10.32","4","27.11","28.93","12.14"
"RISK200_NET_15","AR_RISK_01","2026.08.14","18","2","0","0","2","18","18.03","0.03"
"RISK200_NET_15","AR_RISK_01","2026.08.17","-29.36","4","2","-18.06","2","-11.3","0","29.36"
"RISK200_NET_15","AR_RISK_01","2026.08.18","14.24","6","0","0","6","14.24","14.24","6.17"
"RISK200_NET_15","AR_RISK_01","2026.08.19","25.21","5","3","14.48","2","10.73","25.21","9.07"
"RISK200_NET_15","AR_RISK_01","2026.08.20","12.39","9","2","-0.08","7","12.47","12.39","15.38"
"RISK200_NET_15","AR_RISK_01","2026.08.21","11.79","6","0","0","6","11.79","12.69","10.28"
"RISK200_NET_15","AR_RISK_01","2026.08.24","-6.49","4","0","0","4","-6.49","0","15.96"
"RISK200_NET_15","AR_RISK_01","2026.08.25","2.21","4","0","0","4","2.21","2.86","5.46"
"RISK200_NET_15","AR_RISK_01","2026.08.26","-4.48","3","0","0","3","-4.48","0","4.48"
"RISK200_NET_15","AR_RISK_01","2026.08.27","2.84","2","0","0","2","2.84","2.9","0.06"
"RISK200_NET_15","AR_RISK_01","2026.08.28","-3.29","2","0","0","2","-3.29","0","3.29"
"RISK200_NET_20","AR_RISK_01","2026.07.29","17.21","3","0","0","3","17.21","22.47","5.26"
"RISK200_NET_20","AR_RISK_01","2026.07.30","37.83","7","4","50.39","3","-12.56","37.83","12.4"
"RISK200_NET_20","AR_RISK_01","2026.07.31","31.95","4","1","16.39","3","15.56","31.95","0"
"RISK200_NET_20","AR_RISK_01","2026.08.03","-22.47","5","2","-18.16","3","-4.31","2.03","24.5"
"RISK200_NET_20","AR_RISK_01","2026.08.04","-6.28","2","0","0","2","-6.28","0","6.28"
"RISK200_NET_20","AR_RISK_01","2026.08.05","23.72","4","0","0","4","23.72","29.96","6.24"
"RISK200_NET_20","AR_RISK_01","2026.08.06","-15.02","4","0","0","4","-15.02","0","18"
"RISK200_NET_20","AR_RISK_01","2026.08.07","-37.55","13","5","-16.92","8","-20.63","3.46","41.01"
"RISK200_NET_20","AR_RISK_01","2026.08.11","49.79","10","2","47.19","8","2.6","61.91","12.12"
"RISK200_NET_20","AR_RISK_01","2026.08.12","16.69","2","0","0","2","16.69","23.08","6.39"
"RISK200_NET_20","AR_RISK_01","2026.08.13","16.79","6","2","-10.32","4","27.11","28.93","12.14"
"RISK200_NET_20","AR_RISK_01","2026.08.14","18","2","0","0","2","18","18.03","0.03"
"RISK200_NET_20","AR_RISK_01","2026.08.17","-35.38","5","2","-18.06","3","-17.32","0","35.38"
"RISK200_NET_20","AR_RISK_01","2026.08.18","14.24","6","0","0","6","14.24","14.24","6.17"
"RISK200_NET_20","AR_RISK_01","2026.08.19","25.21","5","3","14.48","2","10.73","25.21","9.07"
"RISK200_NET_20","AR_RISK_01","2026.08.20","12.39","9","2","-0.08","7","12.47","12.39","15.38"
"RISK200_NET_20","AR_RISK_01","2026.08.21","11.79","6","0","0","6","11.79","12.69","10.28"
"RISK200_NET_20","AR_RISK_01","2026.08.24","-6.49","4","0","0","4","-6.49","0","15.96"
"RISK200_NET_20","AR_RISK_01","2026.08.25","2.21","4","0","0","4","2.21","2.86","5.46"
"RISK200_NET_20","AR_RISK_01","2026.08.26","-4.48","3","0","0","3","-4.48","0","4.48"
"RISK200_NET_20","AR_RISK_01","2026.08.27","2.84","2","0","0","2","2.84","2.9","0.06"
"RISK200_NET_20","AR_RISK_01","2026.08.28","-3.29","2","0","0","2","-3.29","0","3.29"
"RISK200_GROSS_8","AR_RISK_01","2026.07.29","17.21","3","0","0","3","17.21","22.47","5.26"
"RISK200_GROSS_8","AR_RISK_01","2026.07.30","7.63","4","1","20.19","3","-12.56","20.03","12.4"
"RISK200_GROSS_8","AR_RISK_01","2026.07.31","31.95","4","1","16.39","3","15.56","31.95","0"
"RISK200_GROSS_8","AR_RISK_01","2026.08.03","-13.44","4","1","-9.13","3","-4.31","2.03","15.47"
"RISK200_GROSS_8","AR_RISK_01","2026.08.04","-6.28","2","0","0","2","-6.28","0","6.28"
"RISK200_GROSS_8","AR_RISK_01","2026.08.05","23.72","4","0","0","4","23.72","29.96","6.24"
"RISK200_GROSS_8","AR_RISK_01","2026.08.06","-12.79","2","0","0","2","-12.79","0","12.79"
"RISK200_GROSS_8","AR_RISK_01","2026.08.07","-15.69","3","2","-9.62","1","-6.07","0","15.69"
"RISK200_GROSS_8","AR_RISK_01","2026.08.11","14.35","4","2","16.49","2","-2.14","26.44","12.09"
"RISK200_GROSS_8","AR_RISK_01","2026.08.12","16.69","2","0","0","2","16.69","23.08","6.39"
"RISK200_GROSS_8","AR_RISK_01","2026.08.13","28.93","4","2","-10.32","2","39.25","28.93","6.04"
"RISK200_GROSS_8","AR_RISK_01","2026.08.14","18","2","0","0","2","18","18.03","0.03"
"RISK200_GROSS_8","AR_RISK_01","2026.08.17","-11.3","2","0","0","2","-11.3","0","11.3"
"RISK200_GROSS_8","AR_RISK_01","2026.08.18","-6.17","4","0","0","4","-6.17","0","6.17"
"RISK200_GROSS_8","AR_RISK_01","2026.08.19","0.84","3","2","7.07","1","-6.23","5.67","6.23"
"RISK200_GROSS_8","AR_RISK_01","2026.08.20","-15.16","3","2","-9.09","1","-6.07","0","15.16"
"RISK200_GROSS_8","AR_RISK_01","2026.08.21","-10.28","4","0","0","4","-10.28","0","10.28"
"RISK200_GROSS_8","AR_RISK_01","2026.08.24","-15.96","2","0","0","2","-15.96","0","15.96"
"RISK200_GROSS_8","AR_RISK_01","2026.08.25","2.21","4","0","0","4","2.21","2.86","5.46"
"RISK200_GROSS_8","AR_RISK_01","2026.08.26","-4.48","3","0","0","3","-4.48","0","4.48"
"RISK200_GROSS_8","AR_RISK_01","2026.08.27","2.84","2","0","0","2","2.84","2.9","0.06"
"RISK200_GROSS_8","AR_RISK_01","2026.08.28","-3.29","2","0","0","2","-3.29","0","3.29"
"RISK200_GROSS_10","AR_RISK_01","2026.07.29","17.21","3","0","0","3","17.21","22.47","5.26"
"RISK200_GROSS_10","AR_RISK_01","2026.07.30","7.63","4","1","20.19","3","-12.56","20.03","12.4"
"RISK200_GROSS_10","AR_RISK_01","2026.07.31","31.95","4","1","16.39","3","15.56","31.95","0"
"RISK200_GROSS_10","AR_RISK_01","2026.08.03","-16.3","4","2","-18.16","2","1.86","2.03","18.33"
"RISK200_GROSS_10","AR_RISK_01","2026.08.04","-6.28","2","0","0","2","-6.28","0","6.28"
"RISK200_GROSS_10","AR_RISK_01","2026.08.05","23.72","4","0","0","4","23.72","29.96","6.24"
"RISK200_GROSS_10","AR_RISK_01","2026.08.06","-18","3","0","0","3","-18","0","18"
"RISK200_GROSS_10","AR_RISK_01","2026.08.07","-0.58","6","3","-4.21","3","3.63","3.46","12.53"
"RISK200_GROSS_10","AR_RISK_01","2026.08.11","49.79","10","2","47.19","8","2.6","61.91","12.12"
"RISK200_GROSS_10","AR_RISK_01","2026.08.12","16.69","2","0","0","2","16.69","23.08","6.39"
"RISK200_GROSS_10","AR_RISK_01","2026.08.13","22.93","5","2","-10.32","3","33.25","28.93","6.04"
"RISK200_GROSS_10","AR_RISK_01","2026.08.14","18","2","0","0","2","18","18.03","0.03"
"RISK200_GROSS_10","AR_RISK_01","2026.08.17","-17.32","3","0","0","3","-17.32","0","17.32"
"RISK200_GROSS_10","AR_RISK_01","2026.08.18","4.03","5","0","0","5","4.03","4.03","6.17"
"RISK200_GROSS_10","AR_RISK_01","2026.08.19","17.8","4","2","7.07","2","10.73","17.8","6.23"
"RISK200_GROSS_10","AR_RISK_01","2026.08.20","-15.16","3","2","-9.09","1","-6.07","0","15.16"
"RISK200_GROSS_10","AR_RISK_01","2026.08.21","11.79","6","0","0","6","11.79","12.69","10.28"
"RISK200_GROSS_10","AR_RISK_01","2026.08.24","-15.96","2","0","0","2","-15.96","0","15.96"
"RISK200_GROSS_10","AR_RISK_01","2026.08.25","2.21","4","0","0","4","2.21","2.86","5.46"
"RISK200_GROSS_10","AR_RISK_01","2026.08.26","-4.48","3","0","0","3","-4.48","0","4.48"
"RISK200_GROSS_10","AR_RISK_01","2026.08.27","2.84","2","0","0","2","2.84","2.9","0.06"
"RISK200_GROSS_10","AR_RISK_01","2026.08.28","-3.29","2","0","0","2","-3.29","0","3.29"
"RISK200_GROSS_12P5","AR_RISK_01","2026.07.29","17.21","3","0","0","3","17.21","22.47","5.26"
"RISK200_GROSS_12P5","AR_RISK_01","2026.07.30","37.83","7","4","50.39","3","-12.56","37.83","12.4"
"RISK200_GROSS_12P5","AR_RISK_01","2026.07.31","31.95","4","1","16.39","3","15.56","31.95","0"
"RISK200_GROSS_12P5","AR_RISK_01","2026.08.03","-22.47","5","2","-18.16","3","-4.31","2.03","24.5"
"RISK200_GROSS_12P5","AR_RISK_01","2026.08.04","-6.28","2","0","0","2","-6.28","0","6.28"
"RISK200_GROSS_12P5","AR_RISK_01","2026.08.05","23.72","4","0","0","4","23.72","29.96","6.24"
"RISK200_GROSS_12P5","AR_RISK_01","2026.08.06","-15.02","4","0","0","4","-15.02","0","18"
"RISK200_GROSS_12P5","AR_RISK_01","2026.08.07","-5.6","8","4","-4.21","4","-1.39","3.46","12.53"
"RISK200_GROSS_12P5","AR_RISK_01","2026.08.11","49.79","10","2","47.19","8","2.6","61.91","12.12"
"RISK200_GROSS_12P5","AR_RISK_01","2026.08.12","16.69","2","0","0","2","16.69","23.08","6.39"
"RISK200_GROSS_12P5","AR_RISK_01","2026.08.13","16.79","6","2","-10.32","4","27.11","28.93","12.14"
"RISK200_GROSS_12P5","AR_RISK_01","2026.08.14","18","2","0","0","2","18","18.03","0.03"
"RISK200_GROSS_12P5","AR_RISK_01","2026.08.17","-20.31","3","1","-9.01","2","-11.3","0","20.31"
"RISK200_GROSS_12P5","AR_RISK_01","2026.08.18","14.24","6","0","0","6","14.24","14.24","6.17"
"RISK200_GROSS_12P5","AR_RISK_01","2026.08.19","25.21","5","3","14.48","2","10.73","25.21","9.07"
"RISK200_GROSS_12P5","AR_RISK_01","2026.08.20","12.39","9","2","-0.08","7","12.47","12.39","15.38"
"RISK200_GROSS_12P5","AR_RISK_01","2026.08.21","11.79","6","0","0","6","11.79","12.69","10.28"
"RISK200_GROSS_12P5","AR_RISK_01","2026.08.24","-6.49","4","0","0","4","-6.49","0","15.96"
"RISK200_GROSS_12P5","AR_RISK_01","2026.08.25","2.21","4","0","0","4","2.21","2.86","5.46"
"RISK200_GROSS_12P5","AR_RISK_01","2026.08.26","-4.48","3","0","0","3","-4.48","0","4.48"
"RISK200_GROSS_12P5","AR_RISK_01","2026.08.27","2.84","2","0","0","2","2.84","2.9","0.06"
"RISK200_GROSS_12P5","AR_RISK_01","2026.08.28","-3.29","2","0","0","2","-3.29","0","3.29"
"RISK200_GROSS_15","AR_RISK_01","2026.07.29","17.21","3","0","0","3","17.21","22.47","5.26"
"RISK200_GROSS_15","AR_RISK_01","2026.07.30","37.83","7","4","50.39","3","-12.56","37.83","12.4"
"RISK200_GROSS_15","AR_RISK_01","2026.07.31","31.95","4","1","16.39","3","15.56","31.95","0"
"RISK200_GROSS_15","AR_RISK_01","2026.08.03","-22.47","5","2","-18.16","3","-4.31","2.03","24.5"
"RISK200_GROSS_15","AR_RISK_01","2026.08.04","-6.28","2","0","0","2","-6.28","0","6.28"
"RISK200_GROSS_15","AR_RISK_01","2026.08.05","23.72","4","0","0","4","23.72","29.96","6.24"
"RISK200_GROSS_15","AR_RISK_01","2026.08.06","-15.02","4","0","0","4","-15.02","0","18"
"RISK200_GROSS_15","AR_RISK_01","2026.08.07","-9.29","9","4","-7.9","5","-1.39","3.46","12.75"
"RISK200_GROSS_15","AR_RISK_01","2026.08.11","49.79","10","2","47.19","8","2.6","61.91","12.12"
"RISK200_GROSS_15","AR_RISK_01","2026.08.12","16.69","2","0","0","2","16.69","23.08","6.39"
"RISK200_GROSS_15","AR_RISK_01","2026.08.13","16.79","6","2","-10.32","4","27.11","28.93","12.14"
"RISK200_GROSS_15","AR_RISK_01","2026.08.14","18","2","0","0","2","18","18.03","0.03"
"RISK200_GROSS_15","AR_RISK_01","2026.08.17","-29.36","4","2","-18.06","2","-11.3","0","29.36"
"RISK200_GROSS_15","AR_RISK_01","2026.08.18","14.24","6","0","0","6","14.24","14.24","6.17"
"RISK200_GROSS_15","AR_RISK_01","2026.08.19","25.21","5","3","14.48","2","10.73","25.21","9.07"
"RISK200_GROSS_15","AR_RISK_01","2026.08.20","12.39","9","2","-0.08","7","12.47","12.39","15.38"
"RISK200_GROSS_15","AR_RISK_01","2026.08.21","11.79","6","0","0","6","11.79","12.69","10.28"
"RISK200_GROSS_15","AR_RISK_01","2026.08.24","-6.49","4","0","0","4","-6.49","0","15.96"
"RISK200_GROSS_15","AR_RISK_01","2026.08.25","2.21","4","0","0","4","2.21","2.86","5.46"
"RISK200_GROSS_15","AR_RISK_01","2026.08.26","-4.48","3","0","0","3","-4.48","0","4.48"
"RISK200_GROSS_15","AR_RISK_01","2026.08.27","2.84","2","0","0","2","2.84","2.9","0.06"
"RISK200_GROSS_15","AR_RISK_01","2026.08.28","-3.29","2","0","0","2","-3.29","0","3.29"
"RISK200_GROSS_20","AR_RISK_01","2026.07.29","17.21","3","0","0","3","17.21","22.47","5.26"
"RISK200_GROSS_20","AR_RISK_01","2026.07.30","37.83","7","4","50.39","3","-12.56","37.83","12.4"
"RISK200_GROSS_20","AR_RISK_01","2026.07.31","31.95","4","1","16.39","3","15.56","31.95","0"
"RISK200_GROSS_20","AR_RISK_01","2026.08.03","-22.47","5","2","-18.16","3","-4.31","2.03","24.5"
"RISK200_GROSS_20","AR_RISK_01","2026.08.04","-6.28","2","0","0","2","-6.28","0","6.28"
"RISK200_GROSS_20","AR_RISK_01","2026.08.05","23.72","4","0","0","4","23.72","29.96","6.24"
"RISK200_GROSS_20","AR_RISK_01","2026.08.06","-15.02","4","0","0","4","-15.02","0","18"
"RISK200_GROSS_20","AR_RISK_01","2026.08.07","-20.39","11","4","-7.9","7","-12.49","3.46","23.85"
"RISK200_GROSS_20","AR_RISK_01","2026.08.11","49.79","10","2","47.19","8","2.6","61.91","12.12"
"RISK200_GROSS_20","AR_RISK_01","2026.08.12","16.69","2","0","0","2","16.69","23.08","6.39"
"RISK200_GROSS_20","AR_RISK_01","2026.08.13","16.79","6","2","-10.32","4","27.11","28.93","12.14"
"RISK200_GROSS_20","AR_RISK_01","2026.08.14","18","2","0","0","2","18","18.03","0.03"
"RISK200_GROSS_20","AR_RISK_01","2026.08.17","-35.38","5","2","-18.06","3","-17.32","0","35.38"
"RISK200_GROSS_20","AR_RISK_01","2026.08.18","14.24","6","0","0","6","14.24","14.24","6.17"
"RISK200_GROSS_20","AR_RISK_01","2026.08.19","25.21","5","3","14.48","2","10.73","25.21","9.07"
"RISK200_GROSS_20","AR_RISK_01","2026.08.20","12.39","9","2","-0.08","7","12.47","12.39","15.38"
"RISK200_GROSS_20","AR_RISK_01","2026.08.21","11.79","6","0","0","6","11.79","12.69","10.28"
"RISK200_GROSS_20","AR_RISK_01","2026.08.24","-6.49","4","0","0","4","-6.49","0","15.96"
"RISK200_GROSS_20","AR_RISK_01","2026.08.25","2.21","4","0","0","4","2.21","2.86","5.46"
"RISK200_GROSS_20","AR_RISK_01","2026.08.26","-4.48","3","0","0","3","-4.48","0","4.48"
"RISK200_GROSS_20","AR_RISK_01","2026.08.27","2.84","2","0","0","2","2.84","2.9","0.06"
"RISK200_GROSS_20","AR_RISK_01","2026.08.28","-3.29","2","0","0","2","-3.29","0","3.29"
"RISK300_OFF","AR_RISK_01","2026.07.29","17.21","3","0","0","3","17.21","22.47","5.26"
"RISK300_OFF","AR_RISK_01","2026.07.30","37.83","7","4","50.39","3","-12.56","37.83","12.4"
"RISK300_OFF","AR_RISK_01","2026.07.31","31.95","4","1","16.39","3","15.56","31.95","0"
"RISK300_OFF","AR_RISK_01","2026.08.03","-22.47","5","2","-18.16","3","-4.31","2.03","24.5"
"RISK300_OFF","AR_RISK_01","2026.08.04","-6.28","2","0","0","2","-6.28","0","6.28"
"RISK300_OFF","AR_RISK_01","2026.08.05","23.72","4","0","0","4","23.72","29.96","6.24"
"RISK300_OFF","AR_RISK_01","2026.08.06","-15.02","4","0","0","4","-15.02","0","18"
"RISK300_OFF","AR_RISK_01","2026.08.07","-43.66","18","8","-31.82","10","-11.84","3.46","47.12"
"RISK300_OFF","AR_RISK_01","2026.08.11","49.79","10","2","47.19","8","2.6","61.91","12.12"
"RISK300_OFF","AR_RISK_01","2026.08.12","16.69","2","0","0","2","16.69","23.08","6.39"
"RISK300_OFF","AR_RISK_01","2026.08.13","16.79","6","2","-10.32","4","27.11","28.93","12.14"
"RISK300_OFF","AR_RISK_01","2026.08.14","18","2","0","0","2","18","18.03","0.03"
"RISK300_OFF","AR_RISK_01","2026.08.17","-35.38","5","2","-18.06","3","-17.32","0","35.38"
"RISK300_OFF","AR_RISK_01","2026.08.18","14.24","6","0","0","6","14.24","14.24","6.17"
"RISK300_OFF","AR_RISK_01","2026.08.19","25.21","5","3","14.48","2","10.73","25.21","9.07"
"RISK300_OFF","AR_RISK_01","2026.08.20","12.39","9","2","-0.08","7","12.47","12.39","15.38"
"RISK300_OFF","AR_RISK_01","2026.08.21","11.79","6","0","0","6","11.79","12.69","10.28"
"RISK300_OFF","AR_RISK_01","2026.08.24","-6.49","4","0","0","4","-6.49","0","15.96"
"RISK300_OFF","AR_RISK_01","2026.08.25","2.21","4","0","0","4","2.21","2.86","5.46"
"RISK300_OFF","AR_RISK_01","2026.08.26","-4.48","3","0","0","3","-4.48","0","4.48"
"RISK300_OFF","AR_RISK_01","2026.08.27","2.84","2","0","0","2","2.84","2.9","0.06"
"RISK300_OFF","AR_RISK_01","2026.08.28","-3.29","2","0","0","2","-3.29","0","3.29"
"RISK300_NET_8","AR_RISK_01","2026.07.29","17.21","3","0","0","3","17.21","22.47","5.26"
"RISK300_NET_8","AR_RISK_01","2026.07.30","37.83","7","4","50.39","3","-12.56","37.83","12.4"
"RISK300_NET_8","AR_RISK_01","2026.07.31","31.95","4","1","16.39","3","15.56","31.95","0"
"RISK300_NET_8","AR_RISK_01","2026.08.03","-22.47","5","2","-18.16","3","-4.31","2.03","24.5"
"RISK300_NET_8","AR_RISK_01","2026.08.04","-6.28","2","0","0","2","-6.28","0","6.28"
"RISK300_NET_8","AR_RISK_01","2026.08.05","23.72","4","0","0","4","23.72","29.96","6.24"
"RISK300_NET_8","AR_RISK_01","2026.08.06","-15.02","4","0","0","4","-15.02","0","18"
"RISK300_NET_8","AR_RISK_01","2026.08.07","-20.39","11","4","-7.9","7","-12.49","3.46","23.85"
"RISK300_NET_8","AR_RISK_01","2026.08.11","49.79","10","2","47.19","8","2.6","61.91","12.12"
"RISK300_NET_8","AR_RISK_01","2026.08.12","16.69","2","0","0","2","16.69","23.08","6.39"
"RISK300_NET_8","AR_RISK_01","2026.08.13","16.79","6","2","-10.32","4","27.11","28.93","12.14"
"RISK300_NET_8","AR_RISK_01","2026.08.14","18","2","0","0","2","18","18.03","0.03"
"RISK300_NET_8","AR_RISK_01","2026.08.17","-20.31","3","1","-9.01","2","-11.3","0","20.31"
"RISK300_NET_8","AR_RISK_01","2026.08.18","14.24","6","0","0","6","14.24","14.24","6.17"
"RISK300_NET_8","AR_RISK_01","2026.08.19","25.21","5","3","14.48","2","10.73","25.21","9.07"
"RISK300_NET_8","AR_RISK_01","2026.08.20","-21.28","4","2","-9.09","2","-12.19","0","21.28"
"RISK300_NET_8","AR_RISK_01","2026.08.21","11.79","6","0","0","6","11.79","12.69","10.28"
"RISK300_NET_8","AR_RISK_01","2026.08.24","-6.49","4","0","0","4","-6.49","0","15.96"
"RISK300_NET_8","AR_RISK_01","2026.08.25","2.21","4","0","0","4","2.21","2.86","5.46"
"RISK300_NET_8","AR_RISK_01","2026.08.26","-4.48","3","0","0","3","-4.48","0","4.48"
"RISK300_NET_8","AR_RISK_01","2026.08.27","2.84","2","0","0","2","2.84","2.9","0.06"
"RISK300_NET_8","AR_RISK_01","2026.08.28","-3.29","2","0","0","2","-3.29","0","3.29"
"RISK300_NET_10","AR_RISK_01","2026.07.29","17.21","3","0","0","3","17.21","22.47","5.26"
"RISK300_NET_10","AR_RISK_01","2026.07.30","37.83","7","4","50.39","3","-12.56","37.83","12.4"
"RISK300_NET_10","AR_RISK_01","2026.07.31","31.95","4","1","16.39","3","15.56","31.95","0"
"RISK300_NET_10","AR_RISK_01","2026.08.03","-22.47","5","2","-18.16","3","-4.31","2.03","24.5"
"RISK300_NET_10","AR_RISK_01","2026.08.04","-6.28","2","0","0","2","-6.28","0","6.28"
"RISK300_NET_10","AR_RISK_01","2026.08.05","23.72","4","0","0","4","23.72","29.96","6.24"
"RISK300_NET_10","AR_RISK_01","2026.08.06","-15.02","4","0","0","4","-15.02","0","18"
"RISK300_NET_10","AR_RISK_01","2026.08.07","-28.53","12","4","-7.9","8","-20.63","3.46","31.99"
"RISK300_NET_10","AR_RISK_01","2026.08.11","49.79","10","2","47.19","8","2.6","61.91","12.12"
"RISK300_NET_10","AR_RISK_01","2026.08.12","16.69","2","0","0","2","16.69","23.08","6.39"
"RISK300_NET_10","AR_RISK_01","2026.08.13","16.79","6","2","-10.32","4","27.11","28.93","12.14"
"RISK300_NET_10","AR_RISK_01","2026.08.14","18","2","0","0","2","18","18.03","0.03"
"RISK300_NET_10","AR_RISK_01","2026.08.17","-29.36","4","2","-18.06","2","-11.3","0","29.36"
"RISK300_NET_10","AR_RISK_01","2026.08.18","14.24","6","0","0","6","14.24","14.24","6.17"
"RISK300_NET_10","AR_RISK_01","2026.08.19","25.21","5","3","14.48","2","10.73","25.21","9.07"
"RISK300_NET_10","AR_RISK_01","2026.08.20","12.39","9","2","-0.08","7","12.47","12.39","15.38"
"RISK300_NET_10","AR_RISK_01","2026.08.21","11.79","6","0","0","6","11.79","12.69","10.28"
"RISK300_NET_10","AR_RISK_01","2026.08.24","-6.49","4","0","0","4","-6.49","0","15.96"
"RISK300_NET_10","AR_RISK_01","2026.08.25","2.21","4","0","0","4","2.21","2.86","5.46"
"RISK300_NET_10","AR_RISK_01","2026.08.26","-4.48","3","0","0","3","-4.48","0","4.48"
"RISK300_NET_10","AR_RISK_01","2026.08.27","2.84","2","0","0","2","2.84","2.9","0.06"
"RISK300_NET_10","AR_RISK_01","2026.08.28","-3.29","2","0","0","2","-3.29","0","3.29"
"RISK300_NET_12P5","AR_RISK_01","2026.07.29","17.21","3","0","0","3","17.21","22.47","5.26"
"RISK300_NET_12P5","AR_RISK_01","2026.07.30","37.83","7","4","50.39","3","-12.56","37.83","12.4"
"RISK300_NET_12P5","AR_RISK_01","2026.07.31","31.95","4","1","16.39","3","15.56","31.95","0"
"RISK300_NET_12P5","AR_RISK_01","2026.08.03","-22.47","5","2","-18.16","3","-4.31","2.03","24.5"
"RISK300_NET_12P5","AR_RISK_01","2026.08.04","-6.28","2","0","0","2","-6.28","0","6.28"
"RISK300_NET_12P5","AR_RISK_01","2026.08.05","23.72","4","0","0","4","23.72","29.96","6.24"
"RISK300_NET_12P5","AR_RISK_01","2026.08.06","-15.02","4","0","0","4","-15.02","0","18"
"RISK300_NET_12P5","AR_RISK_01","2026.08.07","-22.6","18","8","-10.76","10","-11.84","3.46","31.99"
"RISK300_NET_12P5","AR_RISK_01","2026.08.11","49.79","10","2","47.19","8","2.6","61.91","12.12"
"RISK300_NET_12P5","AR_RISK_01","2026.08.12","16.69","2","0","0","2","16.69","23.08","6.39"
"RISK300_NET_12P5","AR_RISK_01","2026.08.13","16.79","6","2","-10.32","4","27.11","28.93","12.14"
"RISK300_NET_12P5","AR_RISK_01","2026.08.14","18","2","0","0","2","18","18.03","0.03"
"RISK300_NET_12P5","AR_RISK_01","2026.08.17","-35.38","5","2","-18.06","3","-17.32","0","35.38"
"RISK300_NET_12P5","AR_RISK_01","2026.08.18","14.24","6","0","0","6","14.24","14.24","6.17"
"RISK300_NET_12P5","AR_RISK_01","2026.08.19","25.21","5","3","14.48","2","10.73","25.21","9.07"
"RISK300_NET_12P5","AR_RISK_01","2026.08.20","12.39","9","2","-0.08","7","12.47","12.39","15.38"
"RISK300_NET_12P5","AR_RISK_01","2026.08.21","11.79","6","0","0","6","11.79","12.69","10.28"
"RISK300_NET_12P5","AR_RISK_01","2026.08.24","-6.49","4","0","0","4","-6.49","0","15.96"
"RISK300_NET_12P5","AR_RISK_01","2026.08.25","2.21","4","0","0","4","2.21","2.86","5.46"
"RISK300_NET_12P5","AR_RISK_01","2026.08.26","-4.48","3","0","0","3","-4.48","0","4.48"
"RISK300_NET_12P5","AR_RISK_01","2026.08.27","2.84","2","0","0","2","2.84","2.9","0.06"
"RISK300_NET_12P5","AR_RISK_01","2026.08.28","-3.29","2","0","0","2","-3.29","0","3.29"
"RISK300_NET_15","AR_RISK_01","2026.07.29","17.21","3","0","0","3","17.21","22.47","5.26"
"RISK300_NET_15","AR_RISK_01","2026.07.30","37.83","7","4","50.39","3","-12.56","37.83","12.4"
"RISK300_NET_15","AR_RISK_01","2026.07.31","31.95","4","1","16.39","3","15.56","31.95","0"
"RISK300_NET_15","AR_RISK_01","2026.08.03","-22.47","5","2","-18.16","3","-4.31","2.03","24.5"
"RISK300_NET_15","AR_RISK_01","2026.08.04","-6.28","2","0","0","2","-6.28","0","6.28"
"RISK300_NET_15","AR_RISK_01","2026.08.05","23.72","4","0","0","4","23.72","29.96","6.24"
"RISK300_NET_15","AR_RISK_01","2026.08.06","-15.02","4","0","0","4","-15.02","0","18"
"RISK300_NET_15","AR_RISK_01","2026.08.07","-37.81","16","6","-25.97","10","-11.84","3.46","41.27"
"RISK300_NET_15","AR_RISK_01","2026.08.11","49.79","10","2","47.19","8","2.6","61.91","12.12"
"RISK300_NET_15","AR_RISK_01","2026.08.12","16.69","2","0","0","2","16.69","23.08","6.39"
"RISK300_NET_15","AR_RISK_01","2026.08.13","16.79","6","2","-10.32","4","27.11","28.93","12.14"
"RISK300_NET_15","AR_RISK_01","2026.08.14","18","2","0","0","2","18","18.03","0.03"
"RISK300_NET_15","AR_RISK_01","2026.08.17","-35.38","5","2","-18.06","3","-17.32","0","35.38"
"RISK300_NET_15","AR_RISK_01","2026.08.18","14.24","6","0","0","6","14.24","14.24","6.17"
"RISK300_NET_15","AR_RISK_01","2026.08.19","25.21","5","3","14.48","2","10.73","25.21","9.07"
"RISK300_NET_15","AR_RISK_01","2026.08.20","12.39","9","2","-0.08","7","12.47","12.39","15.38"
"RISK300_NET_15","AR_RISK_01","2026.08.21","11.79","6","0","0","6","11.79","12.69","10.28"
"RISK300_NET_15","AR_RISK_01","2026.08.24","-6.49","4","0","0","4","-6.49","0","15.96"
"RISK300_NET_15","AR_RISK_01","2026.08.25","2.21","4","0","0","4","2.21","2.86","5.46"
"RISK300_NET_15","AR_RISK_01","2026.08.26","-4.48","3","0","0","3","-4.48","0","4.48"
"RISK300_NET_15","AR_RISK_01","2026.08.27","2.84","2","0","0","2","2.84","2.9","0.06"
"RISK300_NET_15","AR_RISK_01","2026.08.28","-3.29","2","0","0","2","-3.29","0","3.29"
"RISK300_NET_20","AR_RISK_01","2026.07.29","17.21","3","0","0","3","17.21","22.47","5.26"
"RISK300_NET_20","AR_RISK_01","2026.07.30","37.83","7","4","50.39","3","-12.56","37.83","12.4"
"RISK300_NET_20","AR_RISK_01","2026.07.31","31.95","4","1","16.39","3","15.56","31.95","0"
"RISK300_NET_20","AR_RISK_01","2026.08.03","-22.47","5","2","-18.16","3","-4.31","2.03","24.5"
"RISK300_NET_20","AR_RISK_01","2026.08.04","-6.28","2","0","0","2","-6.28","0","6.28"
"RISK300_NET_20","AR_RISK_01","2026.08.05","23.72","4","0","0","4","23.72","29.96","6.24"
"RISK300_NET_20","AR_RISK_01","2026.08.06","-15.02","4","0","0","4","-15.02","0","18"
"RISK300_NET_20","AR_RISK_01","2026.08.07","-43.66","18","8","-31.82","10","-11.84","3.46","47.12"
"RISK300_NET_20","AR_RISK_01","2026.08.11","49.79","10","2","47.19","8","2.6","61.91","12.12"
"RISK300_NET_20","AR_RISK_01","2026.08.12","16.69","2","0","0","2","16.69","23.08","6.39"
"RISK300_NET_20","AR_RISK_01","2026.08.13","16.79","6","2","-10.32","4","27.11","28.93","12.14"
"RISK300_NET_20","AR_RISK_01","2026.08.14","18","2","0","0","2","18","18.03","0.03"
"RISK300_NET_20","AR_RISK_01","2026.08.17","-35.38","5","2","-18.06","3","-17.32","0","35.38"
"RISK300_NET_20","AR_RISK_01","2026.08.18","14.24","6","0","0","6","14.24","14.24","6.17"
"RISK300_NET_20","AR_RISK_01","2026.08.19","25.21","5","3","14.48","2","10.73","25.21","9.07"
"RISK300_NET_20","AR_RISK_01","2026.08.20","12.39","9","2","-0.08","7","12.47","12.39","15.38"
"RISK300_NET_20","AR_RISK_01","2026.08.21","11.79","6","0","0","6","11.79","12.69","10.28"
"RISK300_NET_20","AR_RISK_01","2026.08.24","-6.49","4","0","0","4","-6.49","0","15.96"
"RISK300_NET_20","AR_RISK_01","2026.08.25","2.21","4","0","0","4","2.21","2.86","5.46"
"RISK300_NET_20","AR_RISK_01","2026.08.26","-4.48","3","0","0","3","-4.48","0","4.48"
"RISK300_NET_20","AR_RISK_01","2026.08.27","2.84","2","0","0","2","2.84","2.9","0.06"
"RISK300_NET_20","AR_RISK_01","2026.08.28","-3.29","2","0","0","2","-3.29","0","3.29"
"RISK300_GROSS_8","AR_RISK_01","2026.07.29","17.21","3","0","0","3","17.21","22.47","5.26"
"RISK300_GROSS_8","AR_RISK_01","2026.07.30","37.83","7","4","50.39","3","-12.56","37.83","12.4"
"RISK300_GROSS_8","AR_RISK_01","2026.07.31","31.95","4","1","16.39","3","15.56","31.95","0"
"RISK300_GROSS_8","AR_RISK_01","2026.08.03","-16.3","4","2","-18.16","2","1.86","2.03","18.33"
"RISK300_GROSS_8","AR_RISK_01","2026.08.04","-6.28","2","0","0","2","-6.28","0","6.28"
"RISK300_GROSS_8","AR_RISK_01","2026.08.05","23.72","4","0","0","4","23.72","29.96","6.24"
"RISK300_GROSS_8","AR_RISK_01","2026.08.06","-15.02","4","0","0","4","-15.02","0","18"
"RISK300_GROSS_8","AR_RISK_01","2026.08.07","-5.6","7","3","-4.21","4","-1.39","3.46","12.53"
"RISK300_GROSS_8","AR_RISK_01","2026.08.11","49.79","10","2","47.19","8","2.6","61.91","12.12"
"RISK300_GROSS_8","AR_RISK_01","2026.08.12","16.69","2","0","0","2","16.69","23.08","6.39"
"RISK300_GROSS_8","AR_RISK_01","2026.08.13","16.79","6","2","-10.32","4","27.11","28.93","12.14"
"RISK300_GROSS_8","AR_RISK_01","2026.08.14","18","2","0","0","2","18","18.03","0.03"
"RISK300_GROSS_8","AR_RISK_01","2026.08.17","-20.31","3","1","-9.01","2","-11.3","0","20.31"
"RISK300_GROSS_8","AR_RISK_01","2026.08.18","4.03","5","0","0","5","4.03","4.03","6.17"
"RISK300_GROSS_8","AR_RISK_01","2026.08.19","25.21","5","3","14.48","2","10.73","25.21","9.07"
"RISK300_GROSS_8","AR_RISK_01","2026.08.20","-21.28","4","2","-9.09","2","-12.19","0","21.28"
"RISK300_GROSS_8","AR_RISK_01","2026.08.21","11.79","6","0","0","6","11.79","12.69","10.28"
"RISK300_GROSS_8","AR_RISK_01","2026.08.24","-6.49","4","0","0","4","-6.49","0","15.96"
"RISK300_GROSS_8","AR_RISK_01","2026.08.25","2.21","4","0","0","4","2.21","2.86","5.46"
"RISK300_GROSS_8","AR_RISK_01","2026.08.26","-4.48","3","0","0","3","-4.48","0","4.48"
"RISK300_GROSS_8","AR_RISK_01","2026.08.27","2.84","2","0","0","2","2.84","2.9","0.06"
"RISK300_GROSS_8","AR_RISK_01","2026.08.28","-3.29","2","0","0","2","-3.29","0","3.29"
"RISK300_GROSS_10","AR_RISK_01","2026.07.29","17.21","3","0","0","3","17.21","22.47","5.26"
"RISK300_GROSS_10","AR_RISK_01","2026.07.30","37.83","7","4","50.39","3","-12.56","37.83","12.4"
"RISK300_GROSS_10","AR_RISK_01","2026.07.31","31.95","4","1","16.39","3","15.56","31.95","0"
"RISK300_GROSS_10","AR_RISK_01","2026.08.03","-22.47","5","2","-18.16","3","-4.31","2.03","24.5"
"RISK300_GROSS_10","AR_RISK_01","2026.08.04","-6.28","2","0","0","2","-6.28","0","6.28"
"RISK300_GROSS_10","AR_RISK_01","2026.08.05","23.72","4","0","0","4","23.72","29.96","6.24"
"RISK300_GROSS_10","AR_RISK_01","2026.08.06","-15.02","4","0","0","4","-15.02","0","18"
"RISK300_GROSS_10","AR_RISK_01","2026.08.07","-9.29","9","4","-7.9","5","-1.39","3.46","12.75"
"RISK300_GROSS_10","AR_RISK_01","2026.08.11","49.79","10","2","47.19","8","2.6","61.91","12.12"
"RISK300_GROSS_10","AR_RISK_01","2026.08.12","16.69","2","0","0","2","16.69","23.08","6.39"
"RISK300_GROSS_10","AR_RISK_01","2026.08.13","16.79","6","2","-10.32","4","27.11","28.93","12.14"
"RISK300_GROSS_10","AR_RISK_01","2026.08.14","18","2","0","0","2","18","18.03","0.03"
"RISK300_GROSS_10","AR_RISK_01","2026.08.17","-29.36","4","2","-18.06","2","-11.3","0","29.36"
"RISK300_GROSS_10","AR_RISK_01","2026.08.18","14.24","6","0","0","6","14.24","14.24","6.17"
"RISK300_GROSS_10","AR_RISK_01","2026.08.19","25.21","5","3","14.48","2","10.73","25.21","9.07"
"RISK300_GROSS_10","AR_RISK_01","2026.08.20","12.39","9","2","-0.08","7","12.47","12.39","15.38"
"RISK300_GROSS_10","AR_RISK_01","2026.08.21","11.79","6","0","0","6","11.79","12.69","10.28"
"RISK300_GROSS_10","AR_RISK_01","2026.08.24","-6.49","4","0","0","4","-6.49","0","15.96"
"RISK300_GROSS_10","AR_RISK_01","2026.08.25","2.21","4","0","0","4","2.21","2.86","5.46"
"RISK300_GROSS_10","AR_RISK_01","2026.08.26","-4.48","3","0","0","3","-4.48","0","4.48"
"RISK300_GROSS_10","AR_RISK_01","2026.08.27","2.84","2","0","0","2","2.84","2.9","0.06"
"RISK300_GROSS_10","AR_RISK_01","2026.08.28","-3.29","2","0","0","2","-3.29","0","3.29"
"RISK300_GROSS_12P5","AR_RISK_01","2026.07.29","17.21","3","0","0","3","17.21","22.47","5.26"
"RISK300_GROSS_12P5","AR_RISK_01","2026.07.30","37.83","7","4","50.39","3","-12.56","37.83","12.4"
"RISK300_GROSS_12P5","AR_RISK_01","2026.07.31","31.95","4","1","16.39","3","15.56","31.95","0"
"RISK300_GROSS_12P5","AR_RISK_01","2026.08.03","-22.47","5","2","-18.16","3","-4.31","2.03","24.5"
"RISK300_GROSS_12P5","AR_RISK_01","2026.08.04","-6.28","2","0","0","2","-6.28","0","6.28"
"RISK300_GROSS_12P5","AR_RISK_01","2026.08.05","23.72","4","0","0","4","23.72","29.96","6.24"
"RISK300_GROSS_12P5","AR_RISK_01","2026.08.06","-15.02","4","0","0","4","-15.02","0","18"
"RISK300_GROSS_12P5","AR_RISK_01","2026.08.07","-20.39","11","4","-7.9","7","-12.49","3.46","23.85"
"RISK300_GROSS_12P5","AR_RISK_01","2026.08.11","49.79","10","2","47.19","8","2.6","61.91","12.12"
"RISK300_GROSS_12P5","AR_RISK_01","2026.08.12","16.69","2","0","0","2","16.69","23.08","6.39"
"RISK300_GROSS_12P5","AR_RISK_01","2026.08.13","16.79","6","2","-10.32","4","27.11","28.93","12.14"
"RISK300_GROSS_12P5","AR_RISK_01","2026.08.14","18","2","0","0","2","18","18.03","0.03"
"RISK300_GROSS_12P5","AR_RISK_01","2026.08.17","-35.38","5","2","-18.06","3","-17.32","0","35.38"
"RISK300_GROSS_12P5","AR_RISK_01","2026.08.18","14.24","6","0","0","6","14.24","14.24","6.17"
"RISK300_GROSS_12P5","AR_RISK_01","2026.08.19","25.21","5","3","14.48","2","10.73","25.21","9.07"
"RISK300_GROSS_12P5","AR_RISK_01","2026.08.20","12.39","9","2","-0.08","7","12.47","12.39","15.38"
"RISK300_GROSS_12P5","AR_RISK_01","2026.08.21","11.79","6","0","0","6","11.79","12.69","10.28"
"RISK300_GROSS_12P5","AR_RISK_01","2026.08.24","-6.49","4","0","0","4","-6.49","0","15.96"
"RISK300_GROSS_12P5","AR_RISK_01","2026.08.25","2.21","4","0","0","4","2.21","2.86","5.46"
"RISK300_GROSS_12P5","AR_RISK_01","2026.08.26","-4.48","3","0","0","3","-4.48","0","4.48"
"RISK300_GROSS_12P5","AR_RISK_01","2026.08.27","2.84","2","0","0","2","2.84","2.9","0.06"
"RISK300_GROSS_12P5","AR_RISK_01","2026.08.28","-3.29","2","0","0","2","-3.29","0","3.29"
"RISK300_GROSS_15","AR_RISK_01","2026.07.29","17.21","3","0","0","3","17.21","22.47","5.26"
"RISK300_GROSS_15","AR_RISK_01","2026.07.30","37.83","7","4","50.39","3","-12.56","37.83","12.4"
"RISK300_GROSS_15","AR_RISK_01","2026.07.31","31.95","4","1","16.39","3","15.56","31.95","0"
"RISK300_GROSS_15","AR_RISK_01","2026.08.03","-22.47","5","2","-18.16","3","-4.31","2.03","24.5"
"RISK300_GROSS_15","AR_RISK_01","2026.08.04","-6.28","2","0","0","2","-6.28","0","6.28"
"RISK300_GROSS_15","AR_RISK_01","2026.08.05","23.72","4","0","0","4","23.72","29.96","6.24"
"RISK300_GROSS_15","AR_RISK_01","2026.08.06","-15.02","4","0","0","4","-15.02","0","18"
"RISK300_GROSS_15","AR_RISK_01","2026.08.07","-28.53","12","4","-7.9","8","-20.63","3.46","31.99"
"RISK300_GROSS_15","AR_RISK_01","2026.08.11","49.79","10","2","47.19","8","2.6","61.91","12.12"
"RISK300_GROSS_15","AR_RISK_01","2026.08.12","16.69","2","0","0","2","16.69","23.08","6.39"
"RISK300_GROSS_15","AR_RISK_01","2026.08.13","16.79","6","2","-10.32","4","27.11","28.93","12.14"
"RISK300_GROSS_15","AR_RISK_01","2026.08.14","18","2","0","0","2","18","18.03","0.03"
"RISK300_GROSS_15","AR_RISK_01","2026.08.17","-35.38","5","2","-18.06","3","-17.32","0","35.38"
"RISK300_GROSS_15","AR_RISK_01","2026.08.18","14.24","6","0","0","6","14.24","14.24","6.17"
"RISK300_GROSS_15","AR_RISK_01","2026.08.19","25.21","5","3","14.48","2","10.73","25.21","9.07"
"RISK300_GROSS_15","AR_RISK_01","2026.08.20","12.39","9","2","-0.08","7","12.47","12.39","15.38"
"RISK300_GROSS_15","AR_RISK_01","2026.08.21","11.79","6","0","0","6","11.79","12.69","10.28"
"RISK300_GROSS_15","AR_RISK_01","2026.08.24","-6.49","4","0","0","4","-6.49","0","15.96"
"RISK300_GROSS_15","AR_RISK_01","2026.08.25","2.21","4","0","0","4","2.21","2.86","5.46"
"RISK300_GROSS_15","AR_RISK_01","2026.08.26","-4.48","3","0","0","3","-4.48","0","4.48"
"RISK300_GROSS_15","AR_RISK_01","2026.08.27","2.84","2","0","0","2","2.84","2.9","0.06"
"RISK300_GROSS_15","AR_RISK_01","2026.08.28","-3.29","2","0","0","2","-3.29","0","3.29"
"RISK300_GROSS_20","AR_RISK_01","2026.07.29","17.21","3","0","0","3","17.21","22.47","5.26"
"RISK300_GROSS_20","AR_RISK_01","2026.07.30","37.83","7","4","50.39","3","-12.56","37.83","12.4"
"RISK300_GROSS_20","AR_RISK_01","2026.07.31","31.95","4","1","16.39","3","15.56","31.95","0"
"RISK300_GROSS_20","AR_RISK_01","2026.08.03","-22.47","5","2","-18.16","3","-4.31","2.03","24.5"
"RISK300_GROSS_20","AR_RISK_01","2026.08.04","-6.28","2","0","0","2","-6.28","0","6.28"
"RISK300_GROSS_20","AR_RISK_01","2026.08.05","23.72","4","0","0","4","23.72","29.96","6.24"
"RISK300_GROSS_20","AR_RISK_01","2026.08.06","-15.02","4","0","0","4","-15.02","0","18"
"RISK300_GROSS_20","AR_RISK_01","2026.08.07","-28.76","15","5","-16.92","10","-11.84","3.46","41.01"
"RISK300_GROSS_20","AR_RISK_01","2026.08.11","49.79","10","2","47.19","8","2.6","61.91","12.12"
"RISK300_GROSS_20","AR_RISK_01","2026.08.12","16.69","2","0","0","2","16.69","23.08","6.39"
"RISK300_GROSS_20","AR_RISK_01","2026.08.13","16.79","6","2","-10.32","4","27.11","28.93","12.14"
"RISK300_GROSS_20","AR_RISK_01","2026.08.14","18","2","0","0","2","18","18.03","0.03"
"RISK300_GROSS_20","AR_RISK_01","2026.08.17","-35.38","5","2","-18.06","3","-17.32","0","35.38"
"RISK300_GROSS_20","AR_RISK_01","2026.08.18","14.24","6","0","0","6","14.24","14.24","6.17"
"RISK300_GROSS_20","AR_RISK_01","2026.08.19","25.21","5","3","14.48","2","10.73","25.21","9.07"
"RISK300_GROSS_20","AR_RISK_01","2026.08.20","12.39","9","2","-0.08","7","12.47","12.39","15.38"
"RISK300_GROSS_20","AR_RISK_01","2026.08.21","11.79","6","0","0","6","11.79","12.69","10.28"
"RISK300_GROSS_20","AR_RISK_01","2026.08.24","-6.49","4","0","0","4","-6.49","0","15.96"
"RISK300_GROSS_20","AR_RISK_01","2026.08.25","2.21","4","0","0","4","2.21","2.86","5.46"
"RISK300_GROSS_20","AR_RISK_01","2026.08.26","-4.48","3","0","0","3","-4.48","0","4.48"
"RISK300_GROSS_20","AR_RISK_01","2026.08.27","2.84","2","0","0","2","2.84","2.9","0.06"
"RISK300_GROSS_20","AR_RISK_01","2026.08.28","-3.29","2","0","0","2","-3.29","0","3.29"
