"run_id","phase","b31_duplicate_evaluations","duplicate_breakout_ids","pullback_parent_missing","pullback_parent_unknown","unclosed_positions","sl_loosen_violations","post_daily_stop_new_entries","daily_net_mismatches","high_ordinal_over_limit","missing_zone_days","status"
"RISK200_OFF","AR_RISK_01","0","0","0","0","0","0","0","0","0","0","PASS"
"RISK200_NET_8","AR_RISK_01","0","0","0","0","0","0","0","0","0","0","PASS"
"RISK200_NET_10","AR_RISK_01","0","0","0","0","0","0","0","0","0","0","PASS"
"RISK200_NET_12P5","AR_RISK_01","0","0","0","0","0","0","0","0","0","0","PASS"
"RISK200_NET_15","AR_RISK_01","0","0","0","0","0","0","0","0","0","0","PASS"
"RISK200_NET_20","AR_RISK_01","0","0","0","0","0","0","0","0","0","0","PASS"
"RISK200_GROSS_8","AR_RISK_01","0","0","0","0","0","0","0","0","0","0","PASS"
"RISK200_GROSS_10","AR_RISK_01","0","0","0","0","0","0","0","0","0","0","PASS"
"RISK200_GROSS_12P5","AR_RISK_01","0","0","0","0","0","0","0","0","0","0","PASS"
"RISK200_GROSS_15","AR_RISK_01","0","0","0","0","0","0","0","0","0","0","PASS"
"RISK200_GROSS_20","AR_RISK_01","0","0","0","0","0","0","0","0","0","0","PASS"
"RISK300_OFF","AR_RISK_01","0","0","0","0","0","0","0","0","0","0","PASS"
"RISK300_NET_8","AR_RISK_01","0","0","0","0","0","0","0","0","0","0","PASS"
"RISK300_NET_10","AR_RISK_01","0","0","0","0","0","0","0","0","0","0","PASS"
"RISK300_NET_12P5","AR_RISK_01","0","0","0","0","0","0","0","0","0","0","PASS"
"RISK300_NET_15","AR_RISK_01","0","0","0","0","0","0","0","0","0","0","PASS"
"RISK300_NET_20","AR_RISK_01","0","0","0","0","0","0","0","0","0","0","PASS"
"RISK300_GROSS_8","AR_RISK_01","0","0","0","0","0","0","0","0","0","0","PASS"
"RISK300_GROSS_10","AR_RISK_01","0","0","0","0","0","0","0","0","0","0","PASS"
"RISK300_GROSS_12P5","AR_RISK_01","0","0","0","0","0","0","0","0","0","0","PASS"
"RISK300_GROSS_15","AR_RISK_01","0","0","0","0","0","0","0","0","0","0","PASS"
"RISK300_GROSS_20","AR_RISK_01","0","0","0","0","0","0","0","0","0","0","PASS"
