"run_id","scope","pnl","trades","pf","positive_days","negative_days","best_day","worst_day"
"MT5_CTRL_ALLFLAT_H4S15_100K","TRAIN","161.63","320","1.164","8","7","158.86","-90.51"
"MT5_CTRL_ALLFLAT_H4S15_100K","FORWARD","-89.5","175","0.848","3","5","92.7","-106.21"
"MT5_CTRL_ALLFLAT_H4S15_100K","ALL","72.13","495","1.046","11","12","158.86","-106.21"
"MT5_F1_SPACE15_HIGH_H2_100K_UNCAPPED","TRAIN","127.11","93","1.415","8","7","105.03","-56.01"
"MT5_F1_SPACE15_HIGH_H2_100K_UNCAPPED","FORWARD","35.49","37","1.404","5","3","25.21","-9.17"
"MT5_F1_SPACE15_HIGH_H2_100K_UNCAPPED","ALL","162.6","130","1.412","13","10","105.03","-56.01"
"MT5_F2_SPACE15_HIGHSPACE_H2_100K_UNCAPPED","TRAIN","103.41","78","1.425","9","5","49.79","-43.66"
"MT5_F2_SPACE15_HIGHSPACE_H2_100K_UNCAPPED","FORWARD","40.18","35","1.483","5","3","25.21","-6.49"
"MT5_F2_SPACE15_HIGHSPACE_H2_100K_UNCAPPED","ALL","143.59","113","1.44","14","8","49.79","-43.66"
"MT5_F1_100K_MAX3","TRAIN","127.11","93","1.415","8","7","105.03","-56.01"
"MT5_F1_100K_MAX3","FORWARD","35.49","37","1.404","5","3","25.21","-9.17"
"MT5_F1_100K_MAX3","ALL","162.6","130","1.412","13","10","105.03","-56.01"
"MT5_F2_100K_MAX3","TRAIN","103.41","78","1.425","9","5","49.79","-43.66"
"MT5_F2_100K_MAX3","FORWARD","40.18","35","1.483","5","3","25.21","-6.49"
"MT5_F2_100K_MAX3","ALL","143.59","113","1.44","14","8","49.79","-43.66"
"MT5_F1_100K_MAX5","TRAIN","127.11","93","1.415","8","7","105.03","-56.01"
"MT5_F1_100K_MAX5","FORWARD","35.49","37","1.404","5","3","25.21","-9.17"
"MT5_F1_100K_MAX5","ALL","162.6","130","1.412","13","10","105.03","-56.01"
"MT5_F2_100K_MAX5","TRAIN","103.41","78","1.425","9","5","49.79","-43.66"
"MT5_F2_100K_MAX5","FORWARD","40.18","35","1.483","5","3","25.21","-6.49"
"MT5_F2_100K_MAX5","ALL","143.59","113","1.44","14","8","49.79","-43.66"
"MT5_F1_MVP200_MAX3","TRAIN","127.11","93","1.415","8","7","105.03","-56.01"
"MT5_F1_MVP200_MAX3","FORWARD","35.49","37","1.404","5","3","25.21","-9.17"
"MT5_F1_MVP200_MAX3","ALL","162.6","130","1.412","13","10","105.03","-56.01"
"MT5_F2_MVP200_MAX3","TRAIN","103.41","78","1.425","9","5","49.79","-43.66"
"MT5_F2_MVP200_MAX3","FORWARD","40.18","35","1.483","5","3","25.21","-6.49"
"MT5_F2_MVP200_MAX3","ALL","143.59","113","1.44","14","8","49.79","-43.66"
"MT5_F1_MVP300_MAX5","TRAIN","127.11","93","1.415","8","7","105.03","-56.01"
"MT5_F1_MVP300_MAX5","FORWARD","35.49","37","1.404","5","3","25.21","-9.17"
"MT5_F1_MVP300_MAX5","ALL","162.6","130","1.412","13","10","105.03","-56.01"
"MT5_F2_MVP300_MAX5","TRAIN","103.41","78","1.425","9","5","49.79","-43.66"
"MT5_F2_MVP300_MAX5","FORWARD","40.18","35","1.483","5","3","25.21","-6.49"
"MT5_F2_MVP300_MAX5","ALL","143.59","113","1.44","14","8","49.79","-43.66"
