"run_id","deposit","risk_mode","risk_pct","trades","pnl","pf","max_concurrent","max_dd","daily_giveback","daily_loss_stop","risk_blocks","pending_cancels","risk_overflow","cancel_fail","state_error","peak_reserved_used","peak_preentry_commit","min_remaining","technical_status"
"RISK200_OFF","200","0","12.5","109","143.97","1.463","3","65.36","46.74","1","0","0","0","0","0","0","0","0","PASS"
"RISK200_NET_8","200","1","8","81","90.42","1.392","2","44.12","15.96","0","68","0","0","0","0","15.96","24.69","0.04","PASS"
"RISK200_NET_10","200","1","10","93","140.69","1.555","2","38.55","18.33","0","41","0","0","0","0","18.61","24.07","2","PASS"
"RISK200_NET_12P5","200","1","12.5","104","181.93","1.666","2","42.47","24.5","0","22","0","0","0","0","24.07","29.39","4.61","PASS"
"RISK200_NET_15","200","1","15","106","164.74","1.567","3","50.61","31.99","0","20","0","0","0","0","29.36","37.53","0.64","PASS"
"RISK200_NET_20","200","1","20","108","149.7","1.49","3","59.63","41.01","0","18","0","0","0","0","37.55","46.55","2.45","PASS"
"RISK200_GROSS_8","200","2","8","67","49.53","1.254","2","60.78","15.96","0","85","0","0","0","0","15.96","24.69","0.04","PASS"
"RISK200_GROSS_10","200","2","10","83","129.22","1.576","2","36.77","18.33","0","58","0","0","0","0","19.93","27.36","0.07","PASS"
"RISK200_GROSS_12P5","200","2","12.5","101","196.72","1.761","2","34.61","24.5","0","28","1","0","0","0","24.53","30.59","3.41","PASS"
"RISK200_GROSS_15","200","2","15","103","183.98","1.678","3","35.56","29.36","0","24","1","0","0","0","29.5","35.36","0.64","PASS"
"RISK200_GROSS_20","200","2","20","106","166.86","1.579","3","42.47","35.38","0","20","0","0","0","0","36.38","45.38","3.62","PASS"
"RISK300_OFF","300","0","12.5","113","143.59","1.44","3","65.74","47.12","0","0","0","0","0","0","0","0","0","PASS"
"RISK300_NET_8","300","1","8","99","148.26","1.537","2","42.47","24.5","0","29","0","0","0","0","24","29.39","2.72","PASS"
"RISK300_NET_10","300","1","10","106","164.74","1.567","3","50.61","31.99","0","20","0","0","0","0","29.36","37.53","0.64","PASS"
"RISK300_NET_12P5","300","1","12.5","113","164.65","1.513","3","50.61","35.38","0","4","0","0","0","0","35.37","37.53","8.14","PASS"
"RISK300_NET_15","300","1","15","111","149.44","1.466","3","59.89","41.27","0","14","0","0","0","0","43.62","46.81","7.19","PASS"
"RISK300_NET_20","300","1","20","113","143.59","1.44","3","65.74","47.12","0","0","0","0","0","0","52.55","52.55","16.45","PASS"
"RISK300_GROSS_8","300","2","8","93","159.01","1.623","2","33.79","21.28","0","38","1","0","0","0","24","30.59","2.41","PASS"
"RISK300_GROSS_10","300","2","10","103","183.98","1.678","3","35.56","29.36","0","24","1","0","0","0","29.5","35.36","0.64","PASS"
"RISK300_GROSS_12P5","300","2","12.5","106","166.86","1.579","3","42.47","35.38","0","20","0","0","0","0","36.38","45.38","1.12","PASS"
"RISK300_GROSS_15","300","2","15","107","158.72","1.535","3","50.61","35.38","0","19","0","0","0","0","44.52","53.52","0.48","PASS"
"RISK300_GROSS_20","300","2","20","110","158.49","1.508","3","59.63","41.01","0","17","0","0","0","0","59.74","68.74","0.26","PASS"
